aaplcons.xml,/ead/archdesc/dsc/c01/c02[3]/c03[2]
aaplcons.xml,/ead/archdesc/dsc/c01/c02[20]/c03
aaplcons.xml,/ead/archdesc/dsc/c01/c02[62]/c03
aayuats.xml,/ead/archdesc/dsc/c01[2]/c02[11]/c03[3]
albright.xml,/ead/archdesc/dsc/c01[8]/c02[4]/c03[97]/c04[3]
albright.xml,/ead/archdesc/dsc/c01[9]/c02[1]/c03[91]/c04[1]
albright.xml,/ead/archdesc/dsc/c01[9]/c02[1]/c03[91]/c04[2]
anatdept.xml,/ead/archdesc/dsc/c01[3]/c02[5]/c03[4]
atheatre.xml,/ead/archdesc/dsc/c01[3]/c02[4]
birkertg.xml,/ead/archdesc/dsc/c01[4]/c02[49]/c03/c04/c05[3]
brownpre.xml,/ead/archdesc/dsc/c01[12]/c02[4]/c03[2]
bschser.xml,/ead/archdesc/dsc/c01[3]/c02[13]/c03[5]/c04[2]
burtonml.xml,/ead/archdesc/dsc/c01[7]/c02[8]
busadmin.xml,/ead/archdesc/dsc/c01[1]/c02[4]/c03[2]/c04[4]/c05[6]
cjsum.xml,/ead/archdesc/dsc/c01[9]/c02[3]/c03[1]/c04[11]/c05[90]
cjsum.xml,/ead/archdesc/dsc/c01[9]/c02[5]/c03[14]
classalb.xml,/ead/archdesc/dsc/c01[30]/c02
cmpdavis.xml,/ead/archdesc/dsc/c01[5]/c02[2]/c03[2]/c04[41]
cmpdavis.xml,/ead/archdesc/dsc/c01[5]/c02[2]/c03[2]/c04[42]
cmpdavis.xml,/ead/archdesc/dsc/c01[5]/c02[3]/c03[3]
cropseyj.xml,/ead/archdesc/dsc/c01[1]/c02[27]
csseas.xml,/ead/archdesc/dsc/c01[3]/c02[10]/c03[3]/c04[6]/c05[6]
curwoodj.xml,/ead/archdesc/dsc/c01[1]/c02[7]/c03[8]
detobs.xml,/ead/archdesc/dsc/c01[4]/c02[2]/c03[1]/c04[5]/c05[2]/c06[1]
detobs.xml,/ead/archdesc/dsc/c01[4]/c02[2]/c03[1]/c04[5]/c05[2]/c06[2]
drda.xml,/ead/archdesc/dsc/c01[1]/c02[5]
edwardsj.xml,/ead/archdesc/dsc/c01[4]/c02[2]/c03[4]
englerj.xml,/ead/archdesc/dsc/c01[2]/c02[2]/c03[1]/c04[3]
englerj.xml,/ead/archdesc/dsc/c01[2]/c02[2]/c03[2]/c04[6]
extservp.xml,/ead/archdesc/dsc/c01[1]/c02[1]/c03[2]/c04
finopum.xml,/ead/archdesc/dsc/c01[3]/c02[2]/c03[2]/c04[1]/c05[3]/c06
finopum.xml,/ead/archdesc/dsc/c01[3]/c02[2]/c03[2]/c04[1]/c05[4]/c06
finopum.xml,/ead/archdesc/dsc/c01[3]/c02[2]/c03[2]/c04[1]/c05[5]/c06
finopum.xml,/ead/archdesc/dsc/c01[3]/c02[3]/c03[6]
finopum.xml,/ead/archdesc/dsc/c01[4]/c02[24]
finopum.xml,/ead/archdesc/dsc/c01[5]/c02[18]
finopum.xml,/ead/archdesc/dsc/c01[6]/c02[6]/c03[3]
frgol159.xml,/ead/archdesc/dsc/c01[1]/c02[16]
gingrich.xml,/ead/archdesc/dsc/c01[4]/c02[2]/c03[7]
gmwill.xml,/ead/archdesc/dsc/c01[1]/c02[5]/c03[8]/c04[3]
grangem.xml,/ead/archdesc/dsc/c01[1]/c02[4]
gswms.xml,/ead/archdesc/dsc/c01[6]/c02[1]/c03[3]/c04[3]
haidosal.xml,/ead/archdesc/dsc/c01/c02[9]
hankinst.xml,/ead/archdesc/dsc/c01[8]/c02[4]/c03[1]/c04[7]/c05[15]
hankinst.xml,/ead/archdesc/dsc/c01[8]/c02[4]/c03[2]/c04[1]/c05[36]
hankinst.xml,/ead/archdesc/dsc/c01[8]/c02[4]/c03[2]/c04[7]/c05[15]
histpapr.xml,/ead/archdesc/dsc/c01[1]/c02[78]/c03[3]
iddum.xml,/ead/archdesc/dsc/c01[5]/c02[7]
jacobshk.xml,/ead/archdesc/dsc/c01[7]/c02[2]
jensenka.xml,/ead/archdesc/dsc/c01/c02[8]/c03[1]
jensenka.xml,/ead/archdesc/dsc/c01/c02[8]/c03[2]
johnstfm.xml,/ead/archdesc/dsc/c01[3]/c02[3]/c03[6]
jonesvh.xml,/ead/archdesc/dsc/c01[6]/c02[10]/c03[12]
kahnalb.xml,/ead/archdesc/dsc/c01[8]/c02[26]/c03/c04[3]/c05[27]
kahnalb.xml,/ead/archdesc/dsc/c01[8]/c02[40]/c03[2]/c04/c05[9]
kelseymu.xml,/ead/archdesc/dsc/c01[1]/c02[3]/c03[3]
kelseymu.xml,/ead/archdesc/dsc/c01[4]/c02/c03[11]/c04
kelseymu.xml,/ead/archdesc/dsc/c01[7]/c02/c03[76]
kelseymu.xml,/ead/archdesc/dsc/c01[10]/c02[1]/c03[8]/c04[4]
koeff.xml,/ead/archdesc/dsc/c01[5]/c02[3]
lacyaj.xml,/ead/archdesc/dsc/c01[12]/c02[5]
libclip.xml,/ead/archdesc/dsc/c01[2]/c02[2]/c03[18]
lwvnwc.xml,/ead/archdesc/dsc/c01[1]/c02[2]
mattern.xml,/ead/archdesc/dsc/c01[3]/c02[10]/c03
mdaily.xml,/ead/archdesc/dsc/c01[1]/c02[7]/c03[1]/c04[47]
medrecs.xml,/ead/archdesc/dsc/c01[1]/c02[3]/c03[4]/c04[3]
medstp.xml,/ead/archdesc/dsc/c01[5]/c02[5]
metcalfr.xml,/ead/archdesc/dsc/c01[1]/c02[1]/c03[164]/c04[1]/c05
milliken.xml,/ead/archdesc/dsc/c01[2]/c02[5]/c03[1]/c04[7]/c05[33]
muschen.xml,/ead/archdesc/dsc/c01[2]/c02[3]/c03
ncassoc.xml,/ead/archdesc/dsc/c01[1]/c02[18]/c03[23]
olencki.xml,/ead/archdesc/dsc/c01[4]/c02[4]
penncent.xml,/ead/archdesc/dsc/c01[3]/c02[4]/c03[116]/c04
penncent.xml,/ead/archdesc/dsc/c01[3]/c02[4]/c03[166]/c04
pollockj.xml,/ead/archdesc/dsc/c01[2]/c02[43]/c03[6]
postum.xml,/ead/archdesc/dsc/c01[2]/c02[7]/c03
postum.xml,/ead/archdesc/dsc/c01[2]/c02[20]/c03
renewal.xml,/ead/archdesc/dsc/c01[6]/c02[5]/c03
renewal.xml,/ead/archdesc/dsc/c01[6]/c02[9]/c03
renewal.xml,/ead/archdesc/dsc/c01[6]/c02[10]/c03
renewal.xml,/ead/archdesc/dsc/c01[6]/c02[11]/c03
renewal.xml,/ead/archdesc/dsc/c01[6]/c02[12]/c03
renewal.xml,/ead/archdesc/dsc/c01[6]/c02[13]/c03
salladeg.xml,/ead/archdesc/dsc/c01[3]/c02[2]
semcogp.xml,/ead/archdesc/dsc/c01[1]/c02[1]/c03[6]
sligh.xml,/ead/archdesc/dsc/c01[7]/c02[2]/c03[11]/c04
stonerct.xml,/ead/archdesc/dsc/c01[1]/c02[45]/c03[10]
stonerct.xml,/ead/archdesc/dsc/c01[1]/c02[70]/c03[1]
stonerct.xml,/ead/archdesc/dsc/c01[1]/c02[85]/c03[12]
sturgiss.xml,/ead/archdesc/dsc/c01[1]/c02[4]/c03[330]
sturgiss.xml,/ead/archdesc/dsc/c01[1]/c02[12]/c03[15]
sturgiss.xml,/ead/archdesc/dsc/c01[1]/c02[12]/c03[20]
sturgiss.xml,/ead/archdesc/dsc/c01[1]/c02[12]/c03[35]
sturgiss.xml,/ead/archdesc/dsc/c01[1]/c02[12]/c03[36]
sturgiss.xml,/ead/archdesc/dsc/c01[5]/c02[31]
sturgiss.xml,/ead/archdesc/dsc/c01[8]/c02[44]
sturgiss.xml,/ead/archdesc/dsc/c01[9]/c02[87]
umbiosta.xml,/ead/archdesc/dsc/c01[4]/c02[2]/c03[3]
umchem.xml,/ead/archdesc/dsc/c01[2]/c02[4]/c03[4]/c04
ummanthr.xml,/ead/archdesc/dsc/c01[3]/c02[2]/c03[2]
winchell.xml,/ead/archdesc/dsc/c01[4]/c02[25]
