A. Alfred Taubman College of Architecture and Urban Planning.,University of Michigan. College of Architecture and Urban Planning,http://id.loc.gov/authorities/names/n82166292
AFL-CIO.,American Federation of Labor,http://id.loc.gov/authorities/names/n79091711
Adult Education Association.,Deutscher Volkshochschulverband,http://id.loc.gov/authorities/names/n50062873
Agency for Health Care Policy and Research.,United States. Agency for Healthcare Research and Quality,http://id.loc.gov/authorities/names/no00015616
Alliance College.,Alliance israélite universelle. Collège des études juives,http://id.loc.gov/authorities/names/n2003083822
America First Party.,Communist Party of the United States of America (Calif.). First C.D.,http://id.loc.gov/authorities/names/no2011101943
American Anti-Boycott Association.,"League for Industrial Rights (New York, N.Y.)",http://id.loc.gov/authorities/names/no91010893
American Association for a Democratic Germany.,American Friends of German Freedom,http://id.loc.gov/authorities/names/n84209382
American Association of Collegiate Schools of Business.,American Assembly of Collegiate Schools of Business,http://id.loc.gov/authorities/names/n50064242
American Association of Women Ministers.,International Association of Women Ministers,http://id.loc.gov/authorities/names/no97014054
American Birth Control League.,Planned Parenthood Federation of America,http://id.loc.gov/authorities/names/n50075375
American Civic Association.,National Conference on City Planning,http://id.loc.gov/authorities/names/n50065474
American Engineering Council.,Technical Council on Cold Regions Engineering,http://id.loc.gov/authorities/names/n81120045
American Family Association.,American Bar Association. Section of Family Law,http://id.loc.gov/authorities/names/n79107806
American Football League.,National Football League,http://id.loc.gov/authorities/names/n80098551
American Fur Company.,Firaxis Games (Firm),http://id.loc.gov/authorities/names/n99269913
American Indian Defense Association.,Association on American Indian Affairs,http://id.loc.gov/authorities/names/n81086457
American Institute of Electrical Engineers.,Institute of Electrical and Electronics Engineers,http://id.loc.gov/authorities/names/n79053217
American Jewish Congress.,Institute of Jewish Affairs,http://id.loc.gov/authorities/names/n80083428
American Party.,Communist Party of the United States of America,http://id.loc.gov/authorities/names/n79036120
American Protective Tariff League.,American Tariff League,http://id.loc.gov/authorities/names/no95033278
American Red Cross.,American National Red Cross,http://id.loc.gov/authorities/names/n79096723
American Society of Civil Engineers.,American Institute of Architects,http://id.loc.gov/authorities/names/n79053945
American Trudeau Society.,American Thoracic Society,http://id.loc.gov/authorities/names/n82047797
American Turners (Organization),"Bloomington Turnverein (Bloomington, Ill.)",http://id.loc.gov/authorities/names/n98089188
American Union Against Militarism.,American Civil Liberties Union,http://id.loc.gov/authorities/names/n79079580
"American Youth Hostels, inc. Metropolitan Detroit Council.","American Youth Hostels, inc. Metropolitan Detroit Council. Sail Committee",http://id.loc.gov/authorities/names/n84183004
Animas-La Plata Project.,Animas-La Plata Archaeological Project,http://id.loc.gov/authorities/names/n99006284
Ann Arbor Academy.,"Michigan Academy of Science, Arts, and Letters",http://id.loc.gov/authorities/names/n85251919
Ann Arbor Club.,"Research Club in Language Learning (Ann Arbor, Mich.)",http://id.loc.gov/authorities/names/n80048302
Ann Arbor High School (Mich.),Ann Arbor Union High School,http://id.loc.gov/authorities/names/nr98038859
Ann Arbor Historic Commission (Mich.),Ann Arbor Historic District Commission (Mich.),http://id.loc.gov/authorities/names/n78016905
Ann Arbor Railroad Company.,Wabash Railroad,http://id.loc.gov/authorities/names/n85229876
Ann Arbor School of Music.,University of Michigan. School of Music,http://id.loc.gov/authorities/names/n82063886
Ann Arbor Symphony.,University of Michigan. Symphony Band,http://id.loc.gov/authorities/names/n82217048
Arc Michigan.,Association for Retarded Citizens/Michigan,http://id.loc.gov/authorities/names/n88122558
Association of American Library Schools.,Association for Library and Information Science Education,http://id.loc.gov/authorities/names/n83206839
Association of American Universities.,Association of American Colleges,http://id.loc.gov/authorities/names/n80030703
Association of Governing Boards of State Universities and Allied Institutions.,Association of Governing Boards of Universities and Colleges,http://id.loc.gov/authorities/names/n79089781
Association of Iron and Steel Engineers.,Verein Deutscher Eisenhüttenleute,http://id.loc.gov/authorities/names/n80066673
Association of Schools of Public Health.,National League for Nursing,http://id.loc.gov/authorities/names/n83030843
Association of Universities for Research in Astronomy.,Kitt Peak National Observatory,http://id.loc.gov/authorities/names/n80152888
Atlantic Union (U.S.),Seafarers' International Union of North America,http://id.loc.gov/authorities/names/n87876605
Atomic Bomb Casualty Commission.,Radiation Effects Research Foundation,http://id.loc.gov/authorities/names/n82166445
Automobile Manufacturers Association.,Nihon Jidōsha Kōgyōkai,http://id.loc.gov/authorities/names/n82136869
Automotive Safety Foundation.,Highway Users Federation for Safety and Mobility,http://id.loc.gov/authorities/names/n50039439
B'nai B'rith. Anti-defamation League.,Anti-defamation League,http://id.loc.gov/authorities/names/no2008080186
Battle Creek Food Company.,Battle Creek Food Co.,http://id.loc.gov/authorities/names/n2013186787
Battle Creek Sanitarium.,"Percy Jones General Hospital (Battle Creek, Mich.)",http://id.loc.gov/authorities/names/n99021411
Bethlehem Steel Company.,Bethlehem Steel Corporation,http://id.loc.gov/authorities/names/n50077079
Bible Presbyterian Church. Collingswood Synod.,Bible Presbyterian Church,http://id.loc.gov/authorities/names/n95008288
"Birmingham Temple (Farmington Hills, Mich.)","Birmingham Temple (Birmingham, Mich.)",http://id.loc.gov/authorities/names/no2007146952
Black Legion.,Crna Legija (1941),http://id.loc.gov/authorities/names/no2013063457
Black and Black.,Adam and Charles Black (Firm),http://id.loc.gov/authorities/names/n50075615
Blodgett Company.,Amoskeag Manufacturing Company,http://id.loc.gov/authorities/names/n83231548
Blue Cross and Blue Shield of Michigan.,Blue Cross Blue Shield of Michigan Foundation,http://id.loc.gov/authorities/names/no00003113
Brandeis University.,African Studies Association,http://id.loc.gov/authorities/names/n80083449
Brotherhood of Railroad Trainmen.,United Transportation Union,http://id.loc.gov/authorities/names/n79131120
Buick Motor Company.,General Motors Corporation. Buick Motor Division,http://id.loc.gov/authorities/names/n81098857
Burlington University.,Vermont Agricultural Experiment Station,http://id.loc.gov/authorities/names/n80090562
CBS News.,"Columbia Broadcasting System, inc.",http://id.loc.gov/authorities/names/n80126230
Calumet and Hecla Mining Company.,Calumet and Hecla Consolidated Copper Company,http://id.loc.gov/authorities/names/n88023028
Campus Action.,Independent Student Union (U.S.),http://id.loc.gov/authorities/names/n90706968
Canton Christian College.,"Ling nan da xue (Guangzhou, China)",http://id.loc.gov/authorities/names/n82125060
"Casa de Unidad (Detroit, Mich.)","Cultural Arts and Media Center (Casa de Unidad (Detroit, Mich.))",http://id.loc.gov/authorities/names/n96002999
Catholic Church.,Franciscans,http://id.loc.gov/authorities/names/n79015671
Center for Research on Social Organization.,Johns Hopkins University. Center for Research on Elementary and Middle Schools,http://id.loc.gov/authorities/names/no90012393
Central Pacific Railway Company.,Southern Pacific Company,http://id.loc.gov/authorities/names/n79079411
Charles Wood Associates.,Charles Wood & Co.,http://id.loc.gov/authorities/names/n2012029685
Chelsea Methodist Home.,Wesley Hall (Chelsea United Methodist Retirement Home),http://id.loc.gov/authorities/names/n87863851
Chesapeake and Ohio Railway Company.,Baltimore and Ohio Railroad Company,http://id.loc.gov/authorities/names/n79085090
Chi Gamma Phi.,Chi Phi (Fraternity). Gamma Chapter (Emory University),http://id.loc.gov/authorities/names/no2012117205
Chicago River and Indiana Railroad Company.,ConRail,http://id.loc.gov/authorities/names/n80061803
"Chicago, Cincinnati and Louisville Railroad Company.","New York, Chicago & St. Louis Railroad",http://id.loc.gov/authorities/names/nr91041182
"Chicago, Milwaukee, St. Paul and Pacific Railroad Company.","Chicago, Milwaukee, and St. Paul Railway Company",http://id.loc.gov/authorities/names/n80113938
Child Study Association of America. Children's Book Committee.,Child Study Children's Book Committee at Bank Street,http://id.loc.gov/authorities/names/n80037458
"Christ Church (Detroit, Mich.)","Apostolic Church of God in Christ Jesus (Detroit, Mich.)",http://id.loc.gov/authorities/names/n84011814
"Christ Lutheran Church (Detroit, Mich.)","Iroquois Avenue Christ Evangelical Lutheran Church (Detroit, Mich.)",http://id.loc.gov/authorities/names/no2002024585
Christian Amendment Movement.,Christian Government Movement,http://id.loc.gov/authorities/names/no94024395
Chrysler Corporation.,DaimlerChrysler,http://id.loc.gov/authorities/names/n00121027
Chrysler LLC.,DaimlerChrysler,http://id.loc.gov/authorities/names/n00121027
Chung-kuo kung ch'an tang.,Zhongguo gong chan dang,http://id.loc.gov/authorities/names/n79090028
Chung-kuo kuo min tang.,Zhongguo guo min dang,http://id.loc.gov/authorities/names/n50072265
Church Peace Union.,Council on Religion and International Affairs,http://id.loc.gov/authorities/names/n79096842
Citizens for Community.,Center for Community Change,http://id.loc.gov/authorities/names/n79083588
Citizens for Michigan.,Association for Retarded Citizens/Michigan,http://id.loc.gov/authorities/names/n88122558
"Civic Center (Detroit, Mich.)",Detroit (Mich.). Civic Center Department,http://id.loc.gov/authorities/names/n80114719
Clinton Machine Company.,Warner Aircraft Corporation,http://id.loc.gov/authorities/names/no2012044648
"Club (Ann Arbor, Mich.)","Research Club in Language Learning (Ann Arbor, Mich.)",http://id.loc.gov/authorities/names/n80048302
Coalition to Defend Affirmative Action by Any Means Necessary.,"Coalition to Defend Affirmative Action & Integration, and Fight for Equality By Any Means Necessary",http://id.loc.gov/authorities/names/no2012102175
"Columbia Broadcasting System, inc.",Columbia Symphony Orchestra,http://id.loc.gov/authorities/names/n80131692
Commission on Interracial Cooperation.,Southern Regional Council,http://id.loc.gov/authorities/names/n80038436
Committee for Economic Development.,Organisation for Economic Co-operation and Development. Development Assistance Committee,http://id.loc.gov/authorities/names/n81092055
Committee for National Health Insurance (U.S.),National Research Council (U.S.). Steering Committee for a Workshop on Evaluating Databases for Use in the Children's Health Insurance Program (CHIP) Allocation Formula,http://id.loc.gov/authorities/names/no2011022318
Communications Workers of America.,International Association of Machinists and Aerospace Workers,http://id.loc.gov/authorities/names/n80073762
Community Research Associates.,Associates for Community and Population Research,http://id.loc.gov/authorities/names/n89144967
Congress of Industrial Organizations (U.S.),AFL-CIO,http://id.loc.gov/authorities/names/n79086831
Congressional Union for Woman Suffrage (U.S.),National Woman's Party,http://id.loc.gov/authorities/names/n80132296
Conservation Foundation.,"International Working-Party for Documentation and Conservation of Buildings, Sites and Neighbourhoods of the Modern Movement",http://id.loc.gov/authorities/names/no93011852
Consumers Power Company.,Northern States Power Company (Minnesota),http://id.loc.gov/authorities/names/n82119645
Council of Ten.,Venice (Republic : To 1797). Consiglio dei Dieci,http://id.loc.gov/authorities/names/nr93025928
Council on Library Resources.,Council on Library and Information Resources,http://id.loc.gov/authorities/names/no97071763
"Cranbrook (Bloomfield Hills, Mich.)",Cranbrook Academy of Art. Museum,http://id.loc.gov/authorities/names/n80007790
"Cranbrook School (Bloomfield Hills, Mich.)","Cranbrook Kingswood School (Bloomfield Hills, Mich.)",http://id.loc.gov/authorities/names/n86042063
Crusade for Freedom.,Free Europe Committee,http://id.loc.gov/authorities/names/n80102044
Dartmouth College.,Hood Museum of Art,http://id.loc.gov/authorities/names/n82023126
Delta Sigma Delta.,Society of Professional Journalists (U.S.),http://id.loc.gov/authorities/names/n91096872
Democracy Unlimited (Organization),American Youth for Political Action,http://id.loc.gov/authorities/names/no2002004204
Democratic Party (U.S.),Socialist Labor Party,http://id.loc.gov/authorities/names/n80086566
Detroit (Mich.). Commission on Children and Youth.,Detroit (Mich.). Commission on Children and Youth. Juvenile Delinquency Sub-Committee,http://id.loc.gov/authorities/names/no2007128416
Detroit (Mich.). Cultural Center.,"Cultural Arts and Media Center (Casa de Unidad (Detroit, Mich.))",http://id.loc.gov/authorities/names/n96002999
Detroit Arts Commission.,Detroit Institute of Arts,http://id.loc.gov/authorities/names/n79045542
Detroit Business University.,University of Detroit Mercy. Institute for North Korea,http://id.loc.gov/authorities/names/no2005094216
Detroit Club.,Detroit Athletic Club,http://id.loc.gov/authorities/names/no2003104193
Detroit College of Medicine.,Wayne State University. College of Medicine,http://id.loc.gov/authorities/names/n2006183483
"Detroit High School (Detroit, Mich.)","High School of Commerce (Worcester, Mass.)",http://id.loc.gov/authorities/names/n00067971
Detroit Medical College.,Detroit College of Medicine,http://id.loc.gov/authorities/names/n2002135975
Detroit Metropolitan Area Regional Planning Commission.,Southeast Michigan Council of Governments,http://id.loc.gov/authorities/names/n80038434
Detroit Museum of Art.,Detroit Institute of Arts,http://id.loc.gov/authorities/names/n79045542
Detroit Observatory.,University of Michigan. Observatory,http://id.loc.gov/authorities/names/n2004021042
"Detroit Opera House (Detroit, Mich.)","Whitney's Grand Opera House (Detroit, Mich.)",http://id.loc.gov/authorities/names/n2014050649
Detroit Press Club.,Detroit Women Writers,http://id.loc.gov/authorities/names/n79150433
Detroit Trust Company.,"Union Trust Company (Detroit, Mich.)",http://id.loc.gov/authorities/names/n91069854
"Detroit, Mackinac   Marquette Railroad Company.",Mackinaw & Marquette Railroad Company,http://id.loc.gov/authorities/names/n98009257
"Detroit, Toledo, and Ironton Railroad.",Ann Arbor Railroad Company,http://id.loc.gov/authorities/names/n92044044
Dickinson College.,Fairleigh Dickinson University,http://id.loc.gov/authorities/names/n80069059
Dramatic Arts Center.,Markaz-i Hunarhā-yi Namāyishī (Iran),http://id.loc.gov/authorities/names/nr93044208
E.G. Williams   Bro.,"E.G. Williams & Bro. (New York, N.Y.)",http://id.loc.gov/authorities/names/no2009086768
ERIC Clearinghouse on Counseling and Personnel Services.,ERIC Counseling and Student Services Clearinghouse,http://id.loc.gov/authorities/names/no95011096
East Michigan Environmental Action Council.,Michigan Environmental Policy Institute,http://id.loc.gov/authorities/names/n84075148
Eastern Railroad Company.,Southern Railway (U.S.),http://id.loc.gov/authorities/names/n84038980
Economics Research Associates.,National Economic Research Associates,http://id.loc.gov/authorities/names/n85223703
Edward Ginsberg Center for Community Service and Learning.,University of Michigan. Center for Community Service and Learning,http://id.loc.gov/authorities/names/no00005433
Engineering College Research Council.,National Research Council (U.S.). Committee on Enhancing the Community College Pathway to Engineering Careers,http://id.loc.gov/authorities/names/no2006002911
Episcopal Church.,Church of England,http://id.loc.gov/authorities/names/n79056234
Equal Rights Party (N.Y.),Democratic Party (N.Y.),http://id.loc.gov/authorities/names/n85336862
Equality Michigan.,Michigan Women's Equality Action League,http://id.loc.gov/authorities/names/n91054107
Erie Railroad.,Pennsylvania Railroad,http://id.loc.gov/authorities/names/n82258320
Erie and Kalamazoo Railroad.,Michigan Southern Railroad,http://id.loc.gov/authorities/names/n88277378
"Esquire, inc.",Coronet Instructional Films,http://id.loc.gov/authorities/names/n80098562
European Council for Nuclear Research.,European Laboratory for Particle Physics,http://id.loc.gov/authorities/names/no92025533
Evangelical and Reformed Church.,United Church of Christ,http://id.loc.gov/authorities/names/n79006786
Export-Import Bank of Washington.,Export-Import Bank of the United States,http://id.loc.gov/authorities/names/n79112401
Farmers' National Council.,National Research Council (U.S.). Committee on a Study of Technologies to Benefit Farmers in Africa and South Asia,http://id.loc.gov/authorities/names/no2009022891
Federal Council of the Churches of Christ in America.,National Council of the Churches of Christ in the United States of America,http://id.loc.gov/authorities/names/n79110396
Federated Garden Clubs of Michigan.,Michigan Garden Clubs,http://id.loc.gov/authorities/names/no2008167137
Fellowship of Methodist Pacifists.,[LC link 404s],http://id.loc.gov/authorities/names/no2015045001
Ferris Institute.,Ferris State College,http://id.loc.gov/authorities/names/n83071452
"First Congregational Unitarian Society (Detroit, Mich.)","Unitarian-Universalist Church of Our Father (Detroit, Mich.)",http://id.loc.gov/authorities/names/no2013049736
"First Unitarian Church (Ann Arbor, Mich.)","First Unitarian Universalist Congregation of Ann Arbor (Ann Arbor, Mich.)",http://id.loc.gov/authorities/names/no2010074947
"First Unitarian Universalist Church (Ann Arbor, Mich.)","First Unitarian Universalist Congregation of Ann Arbor (Ann Arbor, Mich.)",http://id.loc.gov/authorities/names/no2010074947
"First Unitarian Universalist Society (Detroit, Mich.)","Unitarian-Universalist Church of Our Father (Detroit, Mich.)",http://id.loc.gov/authorities/names/no2013049736
Flounders (Club),"Flounders Club (Poole, Dorset, England)",http://id.loc.gov/authorities/names/nb2012018616
Freedom Council.,International Congress of Free Christians and Other Religious Liberals,http://id.loc.gov/authorities/names/n79066162
Friends of Democracy (U.S),Friends of Democracy (U.S.),http://id.loc.gov/authorities/names/n88116783
General Education Board.,United Methodist Board of Higher Education and Ministry (U.S.),http://id.loc.gov/authorities/names/n81141102
George Peabody College for Teachers.,John F. Kennedy Center for Research on Education and Human Development,http://id.loc.gov/authorities/names/n80152991
Gerontology Research Center (U. S.),Gerontology Research Center (U.S.),http://id.loc.gov/authorities/names/n81005396
Global Resources Committee.,National Research Council (U.S.). Committee on Managing Global Genetic Resources: Agricultural Imperatives,http://id.loc.gov/authorities/names/n89651956
"Grand Hotel (Mackinac Island, Mich.)","Grand Hotel (Mackinac Island, Mich.). Orchestra",http://id.loc.gov/authorities/names/no2008128383
Grand Hotel.,Hôtel-Dieu de Lyon,http://id.loc.gov/authorities/names/n81112244
Grand Rapids Railway Company.,Pennsylvania Railroad,http://id.loc.gov/authorities/names/n82258320
Grand Rapids and Indiana Railroad Company.,Pennsylvania Railroad,http://id.loc.gov/authorities/names/n82258320
Grand Rapids and Indiana Railway Company.,Pennsylvania Railroad,http://id.loc.gov/authorities/names/n82258320
Grand Trunk Western Railroad Company.,Grand Trunk Corporation,http://id.loc.gov/authorities/names/n95099422
Great Lakes Engineering Works.,"S.F. Hodge & Co. (Detroit, Mich.)",http://id.loc.gov/authorities/names/n86011659
"Hillwood (Washington, D.C.)",Hillwood Museum and Gardens,http://id.loc.gov/authorities/names/n96087743
Historica Critica.,Universidade Federal de Minas Gerais. Depto. Análise Crítica e Histórica da Arquitetura,http://id.loc.gov/authorities/names/n89183778
Hope College.,De Pree Art Center & Gallery,http://id.loc.gov/authorities/names/n84031979
Hopkins Manufacturing Company.,"Daffin Manufacturing Company (Lancaster, Pa.)",http://id.loc.gov/authorities/names/n85321010
Horace H. Rackham School of Graduate Studies.,University of Michigan. Center for South and Southeast Asian Studies,http://id.loc.gov/authorities/names/n79145172
Hudson Motor Car Company.,American Motors Corporation,http://id.loc.gov/authorities/names/n88073789
Illinois (Ship),Illinois (Bark),http://id.loc.gov/authorities/names/n2003087597
Illinois Birth Control League.,Planned Parenthood Association Chicago Area,http://id.loc.gov/authorities/names/n2006180654
Indian Independence League.,Indian National Army,http://id.loc.gov/authorities/names/n50063129
Indiana and Michigan Electric Company.,Indiana & Michigan Power Company,http://id.loc.gov/authorities/names/n77019081
Industrial Defense Association.,American Defense Preparedness Association,http://id.loc.gov/authorities/names/n50063585
Institute for Defense Analyses.,Institute for Defence Studies and Analyses,http://id.loc.gov/authorities/names/n50057495
Institute for Global Education.,"Kirii͡aamagiĭn Dėlkhiĭn Ėnkh Taĭvan, Bolovsrolyn Khu̇rėėlėn",http://id.loc.gov/authorities/names/no99087836
Intercollegiate Conference of Faculty Representatives.,Big Ten Conference (U.S.),http://id.loc.gov/authorities/names/no91003491
"Interlochen Arts Academy (Interlochen, Mich.)",National Music Camp,http://id.loc.gov/authorities/names/n50079141
International   Great Northern Railroad.,Missouri Pacific Railroad Company,http://id.loc.gov/authorities/names/n79093093
International Committee on Planned Parenthood.,International Planned Parenthood Federation,http://id.loc.gov/authorities/names/n79100951
International Conference on Atomic Physics.,International Conference on Plasma Physics and Controlled Nuclear Fusion Research,http://id.loc.gov/authorities/names/n85127882
International Kindergarten Union.,Association for Childhood Education (U.S.),http://id.loc.gov/authorities/names/n82138744
International Neighbors.,"Haifa International Film Festival ""Neighbors""",http://id.loc.gov/authorities/names/no2006031374
International News Service.,United Press International,http://id.loc.gov/authorities/names/n50057803
International Organization of Good Templars.,International Order of Good Templars,http://id.loc.gov/authorities/names/n79129195
"International Union, United Automobile, Aerospace, and Agricultural Implement Workers of America.",CAW-Canada,http://id.loc.gov/authorities/names/n88215960
International War Crimes Tribunal.,International Tribunal for the Prosecution of Persons Responsible for Serious Violations of International Humanitarian Law Committed in the Territory of the Former Yugoslavia since 1991,http://id.loc.gov/authorities/names/n94093864
Iowa Central Railway Company.,Central Railroad Company of Iowa,http://id.loc.gov/authorities/names/nr96028131
"Ives, William.",Wm. Ives & Geo. W. Pease (Firm),http://id.loc.gov/authorities/names/nr2005011096
"Japan Society (New York, N.Y.)",Japan House Gallery,http://id.loc.gov/authorities/names/n78095618
Joint Committee on Contemporary China.,Joint Committee on Chinese Studies (U.S.),http://id.loc.gov/authorities/names/n83178625
Kaiser-Frazer Corp.,Kaiser Motors Corporation,http://id.loc.gov/authorities/names/n84003542
Kalamazoo College.,Western Michigan University,http://id.loc.gov/authorities/names/n78095535
Keep America Out of War Congress.,Youth Committee Against War,http://id.loc.gov/authorities/names/n90691384
Kiss (Musical group),Marilyn Manson (Musical group),http://id.loc.gov/authorities/names/no96020414
Knights Templar (Masonic order),Templars,http://id.loc.gov/authorities/names/n80113860
Labor Zionist Organization of America - Poale Zion.,Labor Zionist Alliance (U.S.),http://id.loc.gov/authorities/names/n85306230
Lake Shore   Michigan Southern Railway.,Cleveland & Toledo Railroad,http://id.loc.gov/authorities/names/n98003188
Latin American Solidarity Committee.,"Solidarity Conference of the Peoples of Africa, Asia, and Latin America",http://id.loc.gov/authorities/names/n88234163
Lawrence Institute of Technology.,Lawrence Technological University,http://id.loc.gov/authorities/names/no2001011255
Lawrenceville School.,"St. Paul Normal and Industrial School (Lawrenceville, Va.)",http://id.loc.gov/authorities/names/no2002055179
League for Socialist Reconstruction (U.S.),Southern California League for Economic Democracy,http://id.loc.gov/authorities/names/no2008118024
"Lear, Inc.","Lear Siegler, Inc.",http://id.loc.gov/authorities/names/n83157131
Lehigh Valley Railroad.,ConRail,http://id.loc.gov/authorities/names/n80061803
Lewis Institute.,"University of the West Indies (Cave Hill, Barbados). Institute of Social and Economic Research",http://id.loc.gov/authorities/names/n79039768
Lockheed Aircraft Corporation.,Lockheed Missiles and Space Company,http://id.loc.gov/authorities/names/n81066626
Longman (Firm),Cadell & Davies,http://id.loc.gov/authorities/names/n81066332
Louisiana and Texas Railroad and Steamship Company.,"New Orleans, Opelousas, and Great Western Railroad Company",http://id.loc.gov/authorities/names/n93114243
M.O.S.E.S.,World Health Organization,http://id.loc.gov/authorities/names/n79059041
Macmillan Company.,McGraw-Hill Book Company,http://id.loc.gov/authorities/names/n79094678
Manhattan Project (U.S.),United States. Army. Corps of Engineers. Manhattan District,http://id.loc.gov/authorities/names/n81071503
Mary's City of David.,House of David,http://id.loc.gov/authorities/names/n81116257
Merrill-Palmer School.,Merrill-Palmer Institute,http://id.loc.gov/authorities/names/n82147959
Methodist Church (U.S.),Methodist Episcopal Church,http://id.loc.gov/authorities/names/n80021644
Methodist Church (U.S.). Michigan Conference.,United Methodist Church (U.S.). West Michigan Conference,http://id.loc.gov/authorities/names/n79052429
Methodist Church. Woman's Society of Christian Service.,"Woman's Society of Christian Service of the Stony Brook Community Church-Methodist (Stony Brook, N.Y.)",http://id.loc.gov/authorities/names/no2012097002
Michigan Association of School Librarians.,Michigan Association for Media in Education,http://id.loc.gov/authorities/names/n78023875
Michigan Audio-Visual Association.,Michigan Association for Media in Education,http://id.loc.gov/authorities/names/n78023875
Michigan Center for Charter Schools.,Central Michigan University. Center for Charter Schools,http://id.loc.gov/authorities/names/no2012066904
Michigan Chorale.,Western Michigan University. Chorale,http://id.loc.gov/authorities/names/no2006042435
Michigan College Association.,Young Men's Christian Association (Michigan State College),http://id.loc.gov/authorities/names/no2008123790
Michigan College of Mining and Technology.,Michigan Technological University,http://id.loc.gov/authorities/names/n79089616
Michigan Council of Churches.,Unitarian Universalist Council of Michigan,http://id.loc.gov/authorities/names/no2010147913
Michigan Federation of Labor.,Michigan State AFL-CIO,http://id.loc.gov/authorities/names/nr96008991
Michigan Girls State.,"State Industrial Home for Girls (Adrian, Mich.)",http://id.loc.gov/authorities/names/no00104225
Michigan Health Council.,Comprehensive Health Planning Council of Southeastern Michigan,http://id.loc.gov/authorities/names/n82104908
Michigan Historical Collections.,Bentley Historical Library,http://id.loc.gov/authorities/names/n50007422
Michigan League.,Michigan Municipal League,http://id.loc.gov/authorities/names/n79065687
Michigan Mining School.,Michigan College of Mines,http://id.loc.gov/authorities/names/nr96035130
Michigan Nurses Association.,Curn Project,http://id.loc.gov/authorities/names/n80137438
Michigan Pioneer and Historical Society.,Michigan State Historical Society,http://id.loc.gov/authorities/names/n81006623
Michigan Ross School of Business.,William Davidson Institute,http://id.loc.gov/authorities/names/n99042340
Michigan School for the Blind.,"Michigan Institution for the Education of the Deaf and Dumb, and the Blind",http://id.loc.gov/authorities/names/no99085209
Michigan Speech Association.,Michigan Speech-Language-Hearing Association,http://id.loc.gov/authorities/names/n83203587
Michigan State Bar Association.,State Bar of Michigan,http://id.loc.gov/authorities/names/n79071132
Michigan State College of Agriculture and Applied Science.,Michigan State University,http://id.loc.gov/authorities/names/n79054541
Michigan State Normal College.,Eastern Michigan University,http://id.loc.gov/authorities/names/n80003982
Michigan State Normal School.,Eastern Michigan University,http://id.loc.gov/authorities/names/n80003982
Michigan State Prison.,Indiana State Prison,http://id.loc.gov/authorities/names/n91091806
Michigan State Teachers' Association.,Michigan Education Association,http://id.loc.gov/authorities/names/n50069813
"Michigan Theatre (Ann Arbor, Mich.)",University of Michigan. School of Music,http://id.loc.gov/authorities/names/n82063886
Michigan Union.,Woman's Christian Temperance Union of Michigan,http://id.loc.gov/authorities/names/no2015052755
Michigan Welfare League.,Holland Junior Welfare League (Mich.),http://id.loc.gov/authorities/names/n97018531
Michigan Women in Science.,University of Michigan. Women in Science Program,http://id.loc.gov/authorities/names/nr90012892
Michigan. Civil Rights Commission.,United States Commission on Civil Rights. Michigan State Advisory Committee,http://id.loc.gov/authorities/names/n81038904
Michigan. Dept. of Conservation.,Michigan. Department of Conservation. Division of Parks,http://id.loc.gov/authorities/names/no2010059168
Michigan. Dept. of Corrections.,Special Committee to Study the Michigan Department of Corrections,http://id.loc.gov/authorities/names/n83131675
Michigan. Dept. of Education.,Michigan. Bureau of Library Services,http://id.loc.gov/authorities/names/n82081020
Michigan. Dept. of Natural Resources.,Michigan State University. Department of Park and Recreation Resources,http://id.loc.gov/authorities/names/n80043358
Michigan. Dept. of Public Instruction.,Michigan. Department of Education,http://id.loc.gov/authorities/names/n80126199
Michigan. Dept. of State.,Michigan State University. Department of Agricultural Economics,http://id.loc.gov/authorities/names/n80009679
Michigan. Dept. of Transportation.,Michigan. Department of Transportation,http://id.loc.gov/authorities/names/n81128348
Michigan. Legislature. House of Representatives.,Michigan. Legislature. House of Representatives. Fiscal Agency,http://id.loc.gov/authorities/names/n88183233
Michigan. Legislature. Senate.,Michigan. Legislature. Senate. Fiscal Agency,http://id.loc.gov/authorities/names/n83158248
Michigan. Lieutenant Governor.,Michigan. Lieutenant Governor's Commission on Higher Education and Economic Growth,http://id.loc.gov/authorities/names/no2005058770
Michigan. Natural Resources Commission.,Michigan. Natural Resources Commission. Integrated Land Use Task Force,http://id.loc.gov/authorities/names/n00097890
Michigan. State Park Commission.,Michigan. Mackinac Island State Park Commission,http://id.loc.gov/authorities/names/n83166536
Michilimackinac Company.,American Fur Company,http://id.loc.gov/authorities/names/n82045116
Mineral Range Railroad Company.,"Duluth, South Shore, and Atlantic Railroad Company",http://id.loc.gov/authorities/names/n85034408
Minneapolis   St. Louis Railroad.,Chicago and North Western Railway Company,http://id.loc.gov/authorities/names/n82056595
"Missouri, Kansas and Texas Railway Company.",Missouri-Kansas-Texas Railroad,http://id.loc.gov/authorities/names/n85389453
Mount Washington Railway Company.,Mount Washington Cog Railway,http://id.loc.gov/authorities/names/n2009056348
"Museum of the American Indian, Heye Foundation.",National Museum of the American Indian (U.S.),http://id.loc.gov/authorities/names/no90002000
NOW Legal Defense   Education Fund.,Project on Equal Education Rights,http://id.loc.gov/authorities/names/n88125977
"Nashville, Chattanooga and St. Louis Railway.",Louisville and Nashville Railroad Company,http://id.loc.gov/authorities/names/n87907845
National Academy of Sciences (U.S.),National Research Council (U.S.),http://id.loc.gov/authorities/names/n79036113
National Archives (U.S.),United States. National Archives and Records Service,http://id.loc.gov/authorities/names/n79091762
National Association for Repeal of Abortion Laws (U.S.),National Abortion Rights Action League,http://id.loc.gov/authorities/names/n82125269
National Association of Foreign Student Advisers (U.S.),National Association for Foreign Student Affairs,http://id.loc.gov/authorities/names/n81125388
"National Broadcasting Company, inc.",NBC Symphony Orchestra,http://id.loc.gov/authorities/names/n81146608
National Center for Voluntary Action.,Volunteer: the National Center for Citizen Involvement,http://id.loc.gov/authorities/names/n80096538
National Civil Service League.,National Civil Service Reform League (U.S.),http://id.loc.gov/authorities/names/no96067523
National Committee for a Sane Nuclear Policy (U.S.),"SANE, Inc.",http://id.loc.gov/authorities/names/n85179126
National Conference on the Administration of Research.,National Conference on the Advancement of Research,http://id.loc.gov/authorities/names/n79092649
National Congress of Parents and Teachers.,National PTA (U.S.),http://id.loc.gov/authorities/names/n82023772
National Kindergarten Association.,American Association of Elementary-Kindergarten-Nursery Educators,http://id.loc.gov/authorities/names/n50064246
National Liberal League.,National Liberal Immigration League (U.S.),http://id.loc.gov/authorities/names/no2009012633
National Religious Training School.,"National Training School (Durham, N.C.)",http://id.loc.gov/authorities/names/n2003081483
National Rivers and Harbors Congress.,Water Resources Congress (U.S.),http://id.loc.gov/authorities/names/n85317152
National Service Board for Religious Objectors.,National Interreligious Service Board for Conscientious Objectors,http://id.loc.gov/authorities/names/n80086676
Natural Research Council (U.S.),National Research Council (U.S.). Committee on Animal Nutrition,http://id.loc.gov/authorities/names/n79062730
New Politics Party.,Phak Kānmư̄ang Mai (Thailand),http://id.loc.gov/authorities/names/n2010161812
New South Wales. Dept. of Agriculture.,New South Wales. Department of Mines and Agriculture,http://id.loc.gov/authorities/names/no95008898
New York (N.Y.). City Affairs Committee.,New York (N.Y.). City Council. Committee on Consumer Affairs,http://id.loc.gov/authorities/names/n2009037245
New York Central Railroad Company.,Penn Central Transportation Company,http://id.loc.gov/authorities/names/n82242884
New York Central and Hudson River Railroad Company.,New York Central Railroad Company,http://id.loc.gov/authorities/names/n86134556
New York Medical College.,Cornell University. Medical College,http://id.loc.gov/authorities/names/n82032684
"Newton Methodist Church (Newton, Mass.)","Newton Centre United Methodist Church (Newton Center, Newton, Mass.)",http://id.loc.gov/authorities/names/no2003097543
North American Student Cooperative Organization.,North American Students of Cooperation,http://id.loc.gov/authorities/names/n79131142
Oakland University (Mich.),Meadow Brook Art Gallery,http://id.loc.gov/authorities/names/n79145696
Oakland University.,University of California (System),http://id.loc.gov/authorities/names/n82001879
Oberlin College.,Allen Memorial Art Museum,http://id.loc.gov/authorities/names/n79092629
Oliver Corporation.,Oliver Farm Equipment Company,http://id.loc.gov/authorities/names/n94095753
"Orchestra Hall (Detroit, Mich.)","Friends for Orchestra Hall (Detroit, Mich.)",http://id.loc.gov/authorities/names/n91010165
Oregon Railway and Navigation Company.,Union Pacific Railroad Company,http://id.loc.gov/authorities/names/n81029000
"Parke, Davis   Company.",American Home Products Corporation,http://id.loc.gov/authorities/names/n85014186
Pennsylvania Museum of Art.,Philadelphia Museum of Art,http://id.loc.gov/authorities/names/n79005616
Pennsylvania State University.,University of Pennsylvania,http://id.loc.gov/authorities/names/n79065482
People's Mandate to Governments to End War.,Women's International League for Peace and Freedom,http://id.loc.gov/authorities/names/n50081271
Pere Marquette Line Steamers.,Pere Marquette Railway. Auto Ferries,http://id.loc.gov/authorities/names/nr99035242
Pere Marquette Railroad.,Pere Marquette Railway,http://id.loc.gov/authorities/names/n85030122
Pere Marquette Railway.,Chesapeake and Ohio Railway Company,http://id.loc.gov/authorities/names/n80024341
Phillips Academy.,Addison Gallery of American Art,http://id.loc.gov/authorities/names/n81035419
Planned Parenthood Federation of America.,Alan Guttmacher Institute,http://id.loc.gov/authorities/names/n79107876
Plans for Progress.,National Alliance of Businessmen,http://id.loc.gov/authorities/names/n81053841
"Postum Company, Inc.",General Foods Corporation,http://id.loc.gov/authorities/names/n50040225
Presbyterian Church.,Church of Scotland,http://id.loc.gov/authorities/names/n80067131
Progressive Party (1912),Progressive Party (U.S. : 1912),http://id.loc.gov/authorities/names/n50064191
Project Community.,Farset Community Think Tanks Project,http://id.loc.gov/authorities/names/n2002053252
Project Michigan.,UZ/MSU Food Security Research in Southern Africa Project,http://id.loc.gov/authorities/names/n88219336
Protestant Reformed Churches of America.,Christian Reformed Church,http://id.loc.gov/authorities/names/n50055801
R.W. Beck and Associates.,R.W. Beck (Firm),http://id.loc.gov/authorities/names/no96032794
Radio Corporation of America.,RCA Victor Symphony Orchestra,http://id.loc.gov/authorities/names/n82010020
Ralph M. Parsons Company.,"De Leuw, Cather & Company",http://id.loc.gov/authorities/names/n50049372
Religious Liberty Association.,Association internationale pour la défense de la liberté religieuse,http://id.loc.gov/authorities/names/n94062271
"Remington Rand, inc.",Sperry Corporation,http://id.loc.gov/authorities/names/n81016973
Republic of New Africa.,Black Nation News Service,http://id.loc.gov/authorities/names/no97030615
Republican National Committee (U.S.),Democratic National Committee (U.S.),http://id.loc.gov/authorities/names/n81133513
Republican Party (Mich.),Republican Party (Mich.). State Central Committee,http://id.loc.gov/authorities/names/no2003122412
Republican Party (U.S. : 1854- ),Republican National Committee (U.S.),http://id.loc.gov/authorities/names/n83023702
Resistance.,Rada Ochrony Pomników Walki i Męczeństwa (Poland),http://id.loc.gov/authorities/names/n50070333
Reuters Ltd.,Reuters Limited,http://id.loc.gov/authorities/names/n82108903
Richmond Museum of Fine Arts.,Virginia Museum of Fine Arts,http://id.loc.gov/authorities/names/n79046025
Rose Bowl (Football game),Tournament of Roses,http://id.loc.gov/authorities/names/n2003031264
San Francisco State College.,Treganza Anthropology Museum,http://id.loc.gov/authorities/names/n80022998
Sault Sainte Marie Canal (Mich.),"Saint Marys Falls Canal Semi-Centennial Celebration (1905 : Sault Sainte Marie, Mich.)",http://id.loc.gov/authorities/names/no2012019513
"Schulz, Charles M.",Charles M. Schulz Creative Associates,http://id.loc.gov/authorities/names/n78041103
Science for the People (Organization),Scientists and Engineers for Social and Political Action,http://id.loc.gov/authorities/names/n82097545
Scroll (Society),Quill and Scroll Society,http://id.loc.gov/authorities/names/n84232279
Sigma Kappa Sorority.,Kappa Delta Sorority. Sigma Psi Chapter (North Dakota State University),http://id.loc.gov/authorities/names/n90648370
Sister Elizabeth Kenny Foundation.,American Rehabilitation Foundation,http://id.loc.gov/authorities/names/n80050481
"Smith, Hinchman, and Grylls, inc.","Smith, Hinchman & Grylls Associates",http://id.loc.gov/authorities/names/n78054431
Socialist Labor Party.,Nationalsozialistische Deutsche Arbeiter-Partei,http://id.loc.gov/authorities/names/n79053942
Socialist Party (U.S.),Socialist Labor Party,http://id.loc.gov/authorities/names/n80086566
Society for General Systems Research.,International Society for the Systems Sciences,http://id.loc.gov/authorities/names/no93013462
Society for International Law.,World Congress of Legal and Social Philosophy,http://id.loc.gov/authorities/names/n2010054365
Society for the Advancement of India.,"Nāyar Sarvvīs Sosait̲t̲i (Kerala, India)",http://id.loc.gov/authorities/names/n88184689
Society for the Promotion of Engineering Education (U.S.),American Society for Engineering Education,http://id.loc.gov/authorities/names/n79018633
Soo Line Railroad Company.,"Duluth, South Shore, and Atlantic Railroad Company",http://id.loc.gov/authorities/names/n85034408
Southern Pacific Company.,Union Pacific Railroad Company,http://id.loc.gov/authorities/names/n81029000
St. Cloud State College.,St. Cloud State University,http://id.loc.gov/authorities/names/n84000867
"St. Joseph Mercy Hospital (Pontiac, Mich.)","St. Joseph Mercy Hospital (Pontiac, Mich.). Media Services Department",http://id.loc.gov/authorities/names/n89139018
St. Louis-San Francisco Railway Company.,Burlington Northern Inc.,http://id.loc.gov/authorities/names/n80081557
State Agricultural College (Mich.),Michigan Agricultural College,http://id.loc.gov/authorities/names/n87946413
State Prison of Southern Michigan.,Michigan State Prison,http://id.loc.gov/authorities/names/n83131676
Stooges (Musical group),Delaney & Bonnie,http://id.loc.gov/authorities/names/nr89010954
Suomi College.,"Augustana College (Rock Island, Ill.)",http://id.loc.gov/authorities/names/n79110335
Supremes (Musical group),Jackson 5 (Musical group),http://id.loc.gov/authorities/names/n82017439
Telegrafnoe agentstvo SSSR.,ITAR-TASS,http://id.loc.gov/authorities/names/nr95028840
Temiskaming and Northern Ontario Railway.,Ontario Northland Transportation Commission,http://id.loc.gov/authorities/names/n85357908
"Toledo, Ann Arbor and North Michigan Railway Company.",Ann Arbor Railroad Company,http://id.loc.gov/authorities/names/n92044044
"Toledo, St. Louis, and Western Railroad Company.","New York, Chicago & St. Louis Railroad",http://id.loc.gov/authorities/names/nr91041182
"Trinity Church (Detroit, Mich.)","Trinity Lutheran Church (Detroit, Mich.)",http://id.loc.gov/authorities/names/n92060110
Turn Toward Peace (Organization),World Without War Council of Greater Seattle,http://id.loc.gov/authorities/names/n87151920
Tuscania (Ship),Tuscania (Turbine steam ship),http://id.loc.gov/authorities/names/n00068149
Tuskegee Institute.,Tuskegee University,http://id.loc.gov/authorities/names/n85299564
Twentieth Century Pictures.,Twentieth Century-Fox Film Corporation,http://id.loc.gov/authorities/names/n78089065
Union Pacific Oregon Shortline Railroad.,Oregon Short Line Railroad Company,http://id.loc.gov/authorities/names/n94014090
United Farmers of America.,United Mine Workers of America. District 50. United Dairy Farmers' Division,http://id.loc.gov/authorities/names/no2006009478
United Jewish Appeal.,Keren Hayesod,http://id.loc.gov/authorities/names/n80037601
United Nations.,World Health Organization,http://id.loc.gov/authorities/names/n79059041
United States Fish Commission.,United States. Bureau of Fisheries,http://id.loc.gov/authorities/names/n79006434
United States. Alien Property Custodian.,United States. Office of Alien Property Custodian,http://id.loc.gov/authorities/names/n81012463
"United States. Army. Cavalry, 17th.","United States. Army. Cavalry Regiment, 17th",http://id.loc.gov/authorities/names/n2012026883
"United States. Army. Field Artillery, 301st.","United States. Army. Field Artillery Battalion, 301st",http://id.loc.gov/authorities/names/no2011179496
"United States. Army. Infantry Regiment, 125th. Company D.","United States. Army. Illinois Infantry Regiment, 125th (1861-1865). Company D",http://id.loc.gov/authorities/names/n98047987
"United States. Army. Infantry Regiment, 128th.","United States. Army. New York Infantry Regiment, 128th (1862-1865)",http://id.loc.gov/authorities/names/n93113586
"United States. Army. Infantry, 337th.","United States. Army. Infantry Regiment, 337th. Battalion, 3rd",http://id.loc.gov/authorities/names/n88643022
United States. Attorney General.,United States. Department of Justice,http://id.loc.gov/authorities/names/n79038419
United States. Congress.,Library of Congress,http://id.loc.gov/authorities/names/n78089035
United States. Congress. Senate. Committee on Labor and Human Resources.,United States. Congress. Senate. Committee on Labor and Public Welfare. Subcommittee on Health,http://id.loc.gov/authorities/names/n78081226
United States. Dept. of Agriculture.,United States. Department of Agriculture,http://id.loc.gov/authorities/names/n79008243
United States. Dept. of Commerce.,United States. Department of Commerce,http://id.loc.gov/authorities/names/n79071034
United States. Dept. of Housing and Urban Development.,United States. Department of Housing and Urban Development. Office of Policy Development and Research,http://id.loc.gov/authorities/names/n79036825
United States. Dept. of Justice.,United States. Department of Justice,http://id.loc.gov/authorities/names/n79038419
United States. Dept. of Labor.,United States. Department of Labor,http://id.loc.gov/authorities/names/n79029796
United States. Dept. of State.,United States. Department of State,http://id.loc.gov/authorities/names/n80126198
United States. Dept. of the Interior.,United States. National Park Service,http://id.loc.gov/authorities/names/n79022809
United States. Federal Reserve Board.,Board of Governors of the Federal Reserve System (U.S.),http://id.loc.gov/authorities/names/n78091283
United States. Foreign service.,United States. Foreign Broadcast Information Service,http://id.loc.gov/authorities/names/n80165382
United States. Health Care Financing Administration.,United States. Health Care Financing Administration. Office of Research and Demonstrations,http://id.loc.gov/authorities/names/n82145218
United States. Navy Dept.,United States. Navy Department. Bureau of Medicine and Surgery,http://id.loc.gov/authorities/names/n50080510
United States. Office of Indian Affairs.,United States. Bureau of Indian Affairs,http://id.loc.gov/authorities/names/n79071198
United States. War Dept.,United States. War Department,http://id.loc.gov/authorities/names/n79084108
United States. Work Projects Administration.,Historic American Buildings Survey,http://id.loc.gov/authorities/names/n80126103
United World Federalists (U.S.),"World Federalists, USA",http://id.loc.gov/authorities/names/n84082350
University Association for Emergency Medical Services.,University Association for Emergency Medicine,http://id.loc.gov/authorities/names/n80065379
University Research Association.,Kansai Daigaku. Bungakubu,http://id.loc.gov/authorities/names/n81018606
University School of Music.,Research Center for Musical Iconography (U.S.),http://id.loc.gov/authorities/names/n83212180
University of Alaska Fairbanks.,Alaska Sea Grant College Program,http://id.loc.gov/authorities/names/n85161757
University of Denver.,National Opinion Research Center,http://id.loc.gov/authorities/names/n79120282
University of Heidelberg.,Universität Heidelberg,http://id.loc.gov/authorities/names/n79041749
University of Michigan Research Institute.,University of Michigan. Survey Research Center,http://id.loc.gov/authorities/names/n79106618
University of Michigan. A. Alfred Taubman College of Architecture + Urban Planning.,University of Michigan. College of Architecture and Urban Planning,http://id.loc.gov/authorities/names/n82166292
University of Michigan. Affirmative Action Office.,University of Michigan. Office of Affirmative Action Programs,http://id.loc.gov/authorities/names/n87126773
University of Michigan. Band.,University of Michigan. Symphony Band,http://id.loc.gov/authorities/names/n82217048
University of Michigan. Blood Bank.,University of Michigan. Hospitals. Blood Bank,http://id.loc.gov/authorities/names/nr90017033
University of Michigan. Board of Trustees.,Michigan State University. Board of Trustees,http://id.loc.gov/authorities/names/n86866969
University of Michigan. Bureau of Appointments.,University of Michigan. Career Counseling Unit,http://id.loc.gov/authorities/names/no99030581
University of Michigan. Business Office.,University of Michigan. Graduate School of Business Administration. Office of Publications,http://id.loc.gov/authorities/names/n82125459
University of Michigan. Center for the History of Medicine.,University of Michigan. Historical Center for the Health Sciences,http://id.loc.gov/authorities/names/n92805073
University of Michigan. Chemical Laboratory.,University of Michigan. Multi-phase Fluids Laboratory,http://id.loc.gov/authorities/names/nr94027044
University of Michigan. College of Architecture.,University of Michigan. College of Architecture and Urban Planning,http://id.loc.gov/authorities/names/n82166292
University of Michigan. Counseling Services.,ERIC Clearinghouse on Counseling and Personnel Services,http://id.loc.gov/authorities/names/n83157268
University of Michigan. Department of Botany.,Michigan State University. Department of Botany and Plant Pathology,http://id.loc.gov/authorities/names/n78035021
University of Michigan. Department of Civil and Environmental Engineering.,Michigan Technological University. Department of Civil and Environmental Engineering,http://id.loc.gov/authorities/names/no2003013851
University of Michigan. Department of Economics.,Michigan State University. Department of Agricultural Economics,http://id.loc.gov/authorities/names/n80009679
University of Michigan. Department of History.,University of Michigan. Department of the History of Art,http://id.loc.gov/authorities/names/n84004439
University of Michigan. Department of Linguistics.,Michigan State University. Department of Linguistics and Oriental and African Languages,http://id.loc.gov/authorities/names/no2002002146
University of Michigan. Department of Surgery.,University of Michigan. Department of Medicine and Surgery,http://id.loc.gov/authorities/names/n85250563
"University of Michigan. Dept. of Atmospheric, Oceanic and Space Sciences.",University of Michigan. Department of Atmospheric and Oceanic Science,http://id.loc.gov/authorities/names/nr92016713
University of Michigan. Dept. of Civil Engineering.,University of Michigan. Department of Civil and Environmental Engineering,http://id.loc.gov/authorities/names/no2004009119
University of Michigan. Dept. of Economics.,Michigan State University. Department of Agricultural Economics,http://id.loc.gov/authorities/names/n80009679
University of Michigan. Dept. of Electrical Engineering.,University of Michigan. Department of Electrical and Computer Engineering. Radiation Laboratory,http://id.loc.gov/authorities/names/n80003626
University of Michigan. Dept. of Engineering Mechanics.,University of Michigan. Department of Mechanical Engineering & Applied Mechanics. Design Laboratory,http://id.loc.gov/authorities/names/nr92023965
University of Michigan. Dept. of History of Art.,University of Michigan. Department of the History of Art,http://id.loc.gov/authorities/names/n84004439
University of Michigan. Dept. of History.,University of Michigan. Department of the History of Art,http://id.loc.gov/authorities/names/n84004439
University of Michigan. Dept. of Industrial and Operations Engineering.,University of Michigan. Department of Industrial Engineering,http://id.loc.gov/authorities/names/n82218726
University of Michigan. Dept. of Library Science.,University of Michigan. School of Library Science,http://id.loc.gov/authorities/names/n81144007
"University of Michigan. Dept. of Literature, Science, and the Arts.",University of Michigan. Department of Philosophy,http://id.loc.gov/authorities/names/no2001024606
University of Michigan. Dept. of Mechanical Engineering   Applied Mechanics.,University of Michigan. Department of Mechanical Engineering & Applied Mechanics. Design Laboratory,http://id.loc.gov/authorities/names/nr92023965
University of Michigan. Dept. of Population Planning.,University of Michigan. School of Public Health. Department of Population Planning,http://id.loc.gov/authorities/names/no90025948
University of Michigan. Dept. of Psychology.,University of Michigan. Planaria Research Group,http://id.loc.gov/authorities/names/nr91042076
University of Michigan. Dept. of Surgery.,University of Michigan. Department of Medicine and Surgery,http://id.loc.gov/authorities/names/n85250563
University of Michigan. Division of Cardiology.,University of Michigan. Mott Children's Hospital. Division of Pediatric Cardiology,http://id.loc.gov/authorities/names/n2005183841
University of Michigan. Division of Kinesiology.,University of Michigan. Health Management Research Center,http://id.loc.gov/authorities/names/no99047899
University of Michigan. Division of Nuclear Medicine.,University of Michigan. Medical Center. Division of Nuclear Medicine,http://id.loc.gov/authorities/names/n89222960
University of Michigan. Gilbert and Sullivan Society.,Friends of the University of Michigan Gilbert and Sullivan Society,http://id.loc.gov/authorities/names/no98102017
University of Michigan. Gilbert and Sullivan Society. Friends.,Friends of the University of Michigan Gilbert and Sullivan Society,http://id.loc.gov/authorities/names/no98102017
University of Michigan. Graduate School.,University of Michigan. Graduate School of Business Administration,http://id.loc.gov/authorities/names/n79073704
University of Michigan. Hospital.,University of Michigan. Medical Center,http://id.loc.gov/authorities/names/n81102883
University of Michigan. Hospitals.,University of Michigan. University Hospital,http://id.loc.gov/authorities/names/n80123188
University of Michigan. Housing Division.,Michigan State University. Division of Housing & Food Services,http://id.loc.gov/authorities/names/n2009010767
University of Michigan. Industry Program.,University of Michigan Industry Affiliation Program for Human Factors in Transportation Safety,http://id.loc.gov/authorities/names/no2006083151
University of Michigan. Institute for Social Research.,University of Michigan. Survey Research Center,http://id.loc.gov/authorities/names/n79106618
University of Michigan. Institute of Industrial Health.,Institute of Labor and Industrial Relations (University of Michigan--Wayne State University). Worker Health Program,http://id.loc.gov/authorities/names/no2005089071
University of Michigan. Institute of Public Administration.,Michigan State University. Institute of Public Utilities,http://id.loc.gov/authorities/names/n80094485
University of Michigan. Institute of Science and Technology.,University of Michigan. Institute of Science and Technology. Industrial Development Division,http://id.loc.gov/authorities/names/n80138338
University of Michigan. International Center.,Michigan State University. Center for Advanced Study of International Development,http://id.loc.gov/authorities/names/n84023041
University of Michigan. Library Council.,History E-Book Project,http://id.loc.gov/authorities/names/no2004102841
University of Michigan. Library.,William L. Clements Library,http://id.loc.gov/authorities/names/n84017513
University of Michigan. Medical Center.,University of Michigan. Medical Center. Media Library,http://id.loc.gov/authorities/names/n81102884
University of Michigan. Medical Library.,University of Michigan. Medical Center. Media Library,http://id.loc.gov/authorities/names/n81102884
University of Michigan. Museums.,University of Michigan. University Museum,http://id.loc.gov/authorities/names/n84134481
University of Michigan. Office of Budgets and Planning.,Michigan State University. Office of Planning and Budgets,http://id.loc.gov/authorities/names/n87109541
University of Michigan. Office of International Programs.,Michigan State University. Office of International Studies and Programs,http://id.loc.gov/authorities/names/n2003075478
University of Michigan. Office of Medical Education.,Michigan State University. Office of Medical Education Research and Development,http://id.loc.gov/authorities/names/n80013823
University of Michigan. Office of Minority Affairs.,University of Michigan. Office of the Vice Provost for Minority Affairs,http://id.loc.gov/authorities/names/nr90017775
University of Michigan. Office of Student Affairs.,Michigan State University. Office of the Vice President of Student Affairs and Services,http://id.loc.gov/authorities/names/n87109540
University of Michigan. Office of Student Services.,Michigan State University. Office of the Vice President of Student Affairs and Services,http://id.loc.gov/authorities/names/n87109540
University of Michigan. Office of University Relations and Development.,University of Michigan. Office of Development and University Relations,http://id.loc.gov/authorities/names/n83201575
University of Michigan. Opportunity Program.,University of Michigan. Programs for Educational Opportunity,http://id.loc.gov/authorities/names/n90709792
University of Michigan. Orchestra.,University of Michigan. Symphony Orchestra,http://id.loc.gov/authorities/names/n78012545
University of Michigan. Presbyterian Corporation.,Tappan Presbyterian Association,http://id.loc.gov/authorities/names/no98101101
University of Michigan. President.,University of Michigan. President's Life Sciences Commission,http://id.loc.gov/authorities/names/nr99007603
University of Michigan. Provost.,University of Michigan. Office of the Vice Provost for Minority Affairs,http://id.loc.gov/authorities/names/nr90017775
University of Michigan. Radiation Laboratory.,University of Michigan. Department of Electrical and Computer Engineering. Radiation Laboratory,http://id.loc.gov/authorities/names/n80003626
University of Michigan. Research Club.,Women's Research Club (University of Michigan),http://id.loc.gov/authorities/names/n92081612
University of Michigan. Ross School of Business.,Michigan Ross School of Business,http://id.loc.gov/authorities/names/no2005067481
University of Michigan. School of Art   Design.,University of Michigan. College of Architecture and Design,http://id.loc.gov/authorities/names/n82166171
University of Michigan. School of Art and Design.,University of Michigan. College of Architecture and Design,http://id.loc.gov/authorities/names/n82166171
University of Michigan. School of Public Policy.,University of Michigan. Gerald R. Ford School of Public Policy,http://id.loc.gov/authorities/names/no2004120931
University of Michigan. Society of Alumni.,University of Michigan. Library Science Alumni Society,http://id.loc.gov/authorities/names/n87150761
University of Michigan. University College.,Michigan State University,http://id.loc.gov/authorities/names/n79054541
University of Michigan. University Council.,"Inter-Cooperative Council (Ann Arbor, Mich.)",http://id.loc.gov/authorities/names/nr94000463
University of Michigan. University Health Service.,University of Michigan. School of Public Health. Student Environmental Consulting Service,http://id.loc.gov/authorities/names/n90690702
University of Michigan. University Hospital.,University of Michigan. Medical Center,http://id.loc.gov/authorities/names/n81102883
University of Michigan. University Museum.,University of Michigan. Museum of Art,http://id.loc.gov/authorities/names/n80040326
University of Michigan. University Publications.,Western Michigan University. Medieval Institute Publications,http://id.loc.gov/authorities/names/no94020010
University of Michigan. University School.,University of Michigan. Law School,http://id.loc.gov/authorities/names/n82116981
University of Michigan. Vice Provost for Minority Affairs.,University of Michigan. Office of the Vice Provost for Minority Affairs,http://id.loc.gov/authorities/names/nr90017775
University of Michigan. Vice-President for Academic Affairs.,University of Michigan. Office of the Provost and Vice President for Academic Affairs,http://id.loc.gov/authorities/names/nr90017777
University of Michigan. Vice-President for Research.,University of Michigan. Office of the Vice President for Research,http://id.loc.gov/authorities/names/nr95004317
University of Michigan. Willow Run Laboratories.,University of Michigan. Center for Remote Sensing Information and Analysis,http://id.loc.gov/authorities/names/n82093628
University of Nashville.,Vanderbilt University. School of Engineering,http://id.loc.gov/authorities/names/n85000248
University of New Mexico. President.,University of New Mexico. Office of the President,http://id.loc.gov/authorities/names/no2002025649
University of Washington.,Catholic University of America,http://id.loc.gov/authorities/names/n80126110
University of the Philippines.,University of Santo Tomás,http://id.loc.gov/authorities/names/n81108961
Upjohn Company.,Pharmacia & Upjohn,http://id.loc.gov/authorities/names/no2010102337
"Veterans Administration Hospital (Ann Arbor, Mich.)","Veterans Administration Medical Center (Ann Arbor, Mich.)",http://id.loc.gov/authorities/names/n85202509
W. K. Kellogg Foundation Institute.,Conference on Recent Developments in Dental Ceramics (1983 : University of Michigan),http://id.loc.gov/authorities/names/n88609379
War Resisters League.,War Resisters' International,http://id.loc.gov/authorities/names/n50025176
Washtenaw County (Mich.),Washtenaw County Metropolitan Planning Commission,http://id.loc.gov/authorities/names/n85159002
Wayne County (Mich.),Wayne County Library,http://id.loc.gov/authorities/names/n82070464
Wayne County General Hospital.,"Eloise (Hospital : Wayne County, Mich.)",http://id.loc.gov/authorities/names/no2002050152
Wesco Corporation.,Wesco Tool & Manufacturing (Firm),http://id.loc.gov/authorities/names/no00063028
Western District Association.,New Haven West Association (Conn.),http://id.loc.gov/authorities/names/n86053708
Western Reserve University.,Franklin Thomas Backus School of Law,http://id.loc.gov/authorities/names/n82217350
Western and Atlantic Railroad Company.,Atlantic Coast Line Railroad Company,http://id.loc.gov/authorities/names/n85150533
Westinghouse Electric   Manufacturing Company.,Westinghouse Electric Corporation,http://id.loc.gov/authorities/names/n79100436
Whig Party (U.S.),Union and Southern Rights Party (U.S.),http://id.loc.gov/authorities/names/nr92009049
Willow Run Laboratories.,Environmental Research Institute of Michigan,http://id.loc.gov/authorities/names/n79067113
Wilson Ornithological Club.,Wilson Ornithological Society,http://id.loc.gov/authorities/names/n83134555
Woman's Peace Party.,Women's International League for Peace and Freedom,http://id.loc.gov/authorities/names/n50081271
World Power Conference.,International Commission on Large Dams,http://id.loc.gov/authorities/names/n79148832
Yerkes Observatory.,Center for Astrophysical Research in Antarctica (U.S.),http://id.loc.gov/authorities/names/n92033339
Young Men's Christian Association.,World Alliance of YMCAs,http://id.loc.gov/authorities/names/n80044742
Youth for Understanding (Organization),Suomen Youth for Understanding ry,http://id.loc.gov/authorities/names/n85153813
