"""superseded""",1
#[x]-[x] of [x] posters,1
+ negs,3
:[x],46
"Allentown, PA",1
Approximately [x],1
Approximately [x] linear feet,3
Avery Library Collection: [x] linear ft,1
BB,1
BL[x]-BL[x],12
BL[x]-BLl[x],2
Bentley Library Collection:[x] linear ft,1
Beta tapes,1
Betacam videotapes,1
Bimu/B[x]/Out,1
Binders of Exhibits,1
Bl[x]-BL[x],2
Books [x]-[x],1
Bound Volumes,1
Box [x],1
Boxes,2
CD,10
CD boxes,1
CD-R,1
CD-R of the exhibit,1
CD-ROM,8
CD-ROM disk,1
CD-ROMs,2
CD-Rs,4
CDs,17
Contains CD with Powerpoint,1
DAT,7
DATs,3
DVD copy,3
DVD-R,1
DVD-Rs,1
DVD-video,1
DVD: [x]:[x] min,1
DVDs,7
"DVDs, digital video files",1
Diana Barrymore,1
"Eight-hundred-fourteen [x]x[x]-inch, black-and-white prints by unknown photographer",1
Files,1
Folders,2
GB,30
GB (online,17
GB [x]Mb,1
GB of digital files,1
GB or [x],1
"GB, archived website",1
"GB, online",1
"George Murphy, Vincente Minelli",1
"Gloria Swanson, Imperial Wizard of Ku Klux Klan",1
Heavily noted. Copied from [x][x][x],1
II,1
III,3
"III, VIII",1
ISSUE EXTENT,5
Inc,1
JPG file,2
June,1
KB,1
"KB, online",1
Lantern slides,1
Linear Feet,1
MB,45
MB (online,17
MHT file,1
Manuscript bound,1
May be bad,1
Mb,1
Microfilm Edition: [x] reels,1
Microfilm edition: [x] rolls of microfilm,1
Mini D digital cassettes,1
NIS [x],1
New York World's Fair,1
Numbers:,1
Original Extent,1
Original papers: [x] boxes,1
Oversize volume,1
PA,1
PDF,51
"PDF, .TIFF file",1
"PDF, .TIFF files",6
Pages [x]-[x],3
Papers: [x] linear feet,1
Pencil sketches on [x] blue-line prints,1
Primarily [x]-[x],1
RT: [x]:[x],1
Scrapbook Volumes,1
Spanish,1
TIFF file,2
Tape,3
Tapes,5
U-Matic tapes,2
U-matic cassettes,2
"U-matic cassettes, workbook",1
U-matic tape,7
U-matic tapes,1
U-matic use copy of films,1
U-matic videocassettes,1
U-matic videotapes,1
UBImul/F[x],1
USB thumb drives,1
"V, VIII",1
VHS,4
VHS cassette,6
VHS cassettes,3
VHS tape,4
VHS tapes,12
VHS videocassette,1
VHS videotape,4
VHS videotapes,4
VI-VIII,3
Visual materials ca. [x] linear ft,1
Volumes [x]-[x],2
ZIP file,27
ZIP files,1
[x],26
[x] floppy disk,1
[x] folders,1
[x] inches,1
[x] linear feet,2
[x] linear foot,1
[x] linear ft,9
[x] photgraphs of portraits,1
"[x]"" by [x]"" prints",1
"[x]"" computer disks",1
"[x]"" discs",2
"[x]"" disks",1
"[x]"" floppy disks",1
"[x]"" inch reels",1
"[x]"" phonorecord",1
"[x]"" reel",178
"[x]"" reel-to-reel tapes",1
"[x]"" reels",51
"[x]""x[x]"" color slides",1
[x]-[x],39
[x]-[x]). America At Home. Parents' retreat room,1
[x]-[x]/[x] ips,3
[x]-[x]/[x] x [x] in.) or smaller,27
[x]-[x]/[x] x [x]-[x]/[x] in.) or smaller,74
[x]-[x]/[x] x [x]-[x]/[x] in.) or smaller. This set consists of [x] pencil on paper,1
[x]-[x]/[x] x [x]-[x]/[x] in.) or smaller. folders,1
[x]-[x]/[x] x [x]-[x]/[x]in.) or smaller,3
[x]-[x]/[x] x[x]-[x]/[x] in.) or smaller,1
"[x]-[x]/[x]x [x]-[x]/[x] inch, black-and-white prints",1
"[x]-[x]/[x]x [x]-[x]/[x]-inch, black-and-white prints",1
[x]-[x]/[x]x[x],4
"[x]-[x]/[x]x[x] to [x]x[x]-inch, color prints",1
[x]-[x]/[x]x[x]-[x]/[x],1
[x]-[x]/[x]x[x]-[x]/[x] & [x]-[x]/[x]x[x] inches,1
[x]-[x]/[x]x[x]-[x]/[x] & [x]-[x]/[x]x[x]-[x]/[x] inches,1
"[x]-[x]/[x]x[x]-[x]/[x] inch, black-and-white prints",2
[x]-[x]/[x]x[x]-[x]/[x] inches,4
[x]-[x]/[x]x[x]-[x]/[x]-inch,2
[x]-[x]/[x]x[x]-[x]/[x]-inch prints,2
"[x]-[x]/[x]x[x]-[x]/[x]-inch, black and white prints",1
"[x]-[x]/[x]x[x]-[x]/[x]-inch, black-and-white print",5
"[x]-[x]/[x]x[x]-[x]/[x]-inch, black-and-white prints",26
"[x]-[x]/[x]x[x]-[x]/[x]-inch, color",1
[x]-[x]/[x]x[x]-inch,3
[x]-[x]/[x]x[x]-inch photographic negatives,2
"[x]-[x]/[x]x[x]-inch, black-and-white print",2
"[x]-[x]/[x]x[x]-inch, black-and-white prints",3
"[x]-[x]/[x]x[x]-inch, pencil caricature",1
"[x]-[x]/[x]x[x]/[x]-inch, black-and-white prints",1
[x]-in. videotape,1
[x]-inch,2
[x]-inch reel,5
[x]-inch reel to real tapes,1
[x]-inch reel to reel tapes,1
[x]-inch reel-to-reel tape,1
[x]-inch reel-to-reel tapes,1
[x]-inch reels,1
[x]-minute cassette tape,5
[x]-minute cassette tapes,1
[x]/[x] by U-M News Service,1
[x]/[x] hours,6
[x]/[x] in,1
[x]/[x] in. reel,1
[x]/[x] ips,4
[x]/[x] rpm,2
[x]/[x] rpm Phonograph Records,2
"[x]/[x]"" reel",11
"[x]/[x]"" reels",5
"[x]/[x]"" x [x]""",1
[x]/[x]-inch reel,5
[x]/[x]-inch. reel-to-reels,1
[x]:[x],165
[x]:[x]): [x] [x]/[x] ips,1
[x]:[x]:[x],2
[x]:[x]:[x] min,1
[x]GB,1
"[x]X[x], black and white print",1
[x]cd,14
"[x]cd, cs",9
"[x]cd, partial cs",1
[x]dvd,1
[x]expandable folder,1
[x]f linear feet,1
[x]folders,3
[x]items,1
[x]mm,2
[x]mm color slides,2
"[x]mm color slides, printed script",1
[x]mm film,1
"[x]mm film, DVD use copy",1
[x]mm films,2
[x]mm negatives,1
[x]mm reels,1
[x]negatives,1
[x]print,1
[x]s,1
[x]x[x],8
[x]x[x] black and white prints,1
[x]x[x] negs folders,1
[x]x[x]-[x]/[x],1
[x]x[x]-[x]/[x] inches,1
[x]x[x]-[x]/[x]-inch,1
[x]x[x]-[x]/[x]-inch prints of [x] projects,1
"[x]x[x]-[x]/[x]-inch, black-and-white print",1
"[x]x[x]-[x]/[x]-inch, black-and-white prints",1
[x]x[x]-inch,3
[x]x[x]-inch black-and-white electrostatic print,1
[x]x[x]-inch black-and-white print by unknown photographer,1
[x]x[x]-inch color prints,5
"[x]x[x]-inch print by Don Walker, Detroit News Airphoto",1
[x]x[x]-inch prints,2
[x]x[x]-inch prints by Fred Eggert,1
"[x]x[x]-inch, black and white prints",1
"[x]x[x]-inch, black-and-white original",1
"[x]x[x]-inch, black-and-white photographs",1
"[x]x[x]-inch, black-and-white photographs on mat board",2
"[x]x[x]-inch, black-and-white print",5
"[x]x[x]-inch, black-and-white print by unknown photographer",1
"[x]x[x]-inch, black-and-white prints",13
"[x]x[x]-inch, black-and-white prints by Sheill",1
"[x]x[x]-inch, black-and-white prints by The Conrad Studio",1
"[x]x[x]-inch, black-and-white prints by unknown photographer",2
"[x]x[x]-inch, color",1
"[x]x[x]-inch, color prints",10
about [x] cassettes,1
accordion folder,2
activities,1
album,15
albums,13
also [x] photocopies of related material,1
also [x] photographs given by Seaver,1
also large,13
also medium,124
also medium D[x] for earlier chapter house,1
"also medium, large",29
also tintype,1
"also with Dagmar, Steve Allen",1
and [x] MB,1
and [x] oversize folder (UAm,1
annual folders,2
approx. [x] cassettes,1
approx. [x] postcards,1
approx. [x]x[x]-[x]/[x],1
approximately [x] GB,1
architectural drawing,2
architectural drawings,27
"architectural sketches, drawings",1
"architectural, electrical drawings",9
"architectural, furniture layout drawings",1
"architectural, mechanical",29
"architectural, mechanical drawings",2
"architectural, mechanical/electrical drawings",1
"architectural, perspective drawings",1
"architectural, structural",14
"architecture, people",1
archival DVD,1
archived websites (online,1
are outsize,1
articles,1
artifact,1
artifacts,1
artifacts on display (DSD Room,1
audio cassette,3
audio cassette box,1
"audio cassette tape, printed script",1
audio cassette tapes,1
audio cassettes,13
audio tape,1
audio tape reel,3
audio tape reels,4
audio tapes,1
audio-cassette,2
audio-cassettes,2
audiocassette,5
audiocassette tape,3
audiocassette tapes,6
audiocassettes,7
audiotape,2
beta videotapes,1
betacams,1
binder,137
binder ( cd sleeves,1
"binder, cds",2
"binder, expandable folder",1
"binder, loose photos",1
"binder, missing volume I",2
"binder, missing volumes I",1
"binder, missing volumes I-III",1
"binder, missing volumes II-VIII",1
"binder, missing volumes III",1
binders,103
"binders, missing volumes I",2
"binders, missing volumes I-III",1
"binders, missing volumes II",5
"binders, missing volumes VI-VIII",2
black & white,2
black & white image,2
black & white images,7
"black & white images of Portia, varying size",1
black & white images of varying size,1
black & white prints,1
"black & white, color scans",2
black and white,2
black and white [x] x [x] glossy photo,1
black and white [x]x [x] photos,1
black and white [x]x[x],1
black and white [x]x[x] negatives,1
black and white [x]x[x]-inch prints,2
"black and white contact sheets, a few neagtives",1
black and white image,4
black and white images,44
"black and white images located, outsize folder",1
black and white negative,1
black and white negatives,1
black and white photograph,3
black and white photographs,11
black and white photographs on [x] sheet,1
black and white photos lined as panorama,1
"black and white photos, lined up",1
"black and white photos, negatives",1
black and white portraits,1
black and white positive print,3
black and white positive prints,3
black and white print,1
black and white print with negative,1
black and white prints,33
"black and white prints, negatives",1
black and white prints[x] binder,1
"black and white slide, folder",3
"black and white slides, folder",10
black binder,2
black-and-white prints,3
black-and-white prints of various sizes,3
"black-and-white, Polaroid prints",1
blue binder,2
"blue marker on tracing paper, colored pencil on tracing paper",1
blue-line prints,2
"blue-line, sepia prints",1
blueline print on paper,1
"bluelines, blacklines",1
blueprint,3
blueprint cabinet drawers,1
blueprint drawers,1
blueprint tubes,1
blueprints,9
blueprints with pastel,1
boards,17
booklets,9
books,9
bookshelves,1
"bound album contains [x] prints, no negatives",1
bound documents,1
bound manuscripts,1
bound ms,1
bound set,3
bound sets,1
bound sheets,2
bound sheets for [x],2
bound vol,2
bound volume,22
bound volumes,27
bound volumes folders,1
bound volumes with index,1
"bound, typed excerpts of correspondence from scrapbooks",1
box,43
box [x],4
box of audiotapes,1
box of color contact sheets,1
boxes,103
boxes (framed originals,1
boxes (including outsize,1
boxes [x],1
boxes [x]-[x],2
boxes including [x] oversize box,1
boxes total,1
boxes) [x] oversize folder,1
"boxes, bound records",1
"boxes, oversize items",1
brochures,3
broken,2
broken plates,1
brown folder,1
bundle,14
bundles,4
by Alliance Commercial Photo Co,1
by Baker,1
by Balthazar Korab,5
by Daniel Bartush,1
by Greg Hursley,4
"by Hursley, Lark",1
"by Irving Underhill, Photographer",1
"by Manning Bros., Commercial Photographers",1
"by N. L. Coe, Son",1
"by Santangelo Studio, Pottstown",1
by unknown photographer,1
by unknown photographers,1
ca [x] [x]x[x] b/w negatives,1
ca. [x],3
ca. [x] Mbytes of digital files,1
ca. [x] [x]mm negative strips,1
ca. [x] [x]x[x] b/e negatives,1
ca. [x] audiotapes,1
ca. [x] b/w prints,1
ca. [x] coor prints with [x]mm negatives,1
ca. [x] copy prints,1
ca. [x] dance cards,1
ca. [x] drawings,2
ca. [x] feet Michigan State Archives,1
"ca. [x] films, videotapes",2
ca. [x] glass negatives,1
ca. [x] hour,1
ca. [x] hours,1
ca. [x] images,2
ca. [x] in,1
ca. [x] inches,1
ca. [x] items,8
ca. [x] linear feet,2
ca. [x] linear foot,1
ca. [x] linear ft. at Bentley Library,1
ca. [x] min,15
ca. [x] min.): [x] [x]/[x] ips,2
"ca. [x] min., color",1
ca. [x] minutes,7
ca. [x] negatives,5
ca. [x] p,1
ca. [x] photographs,5
ca. [x] slides,2
ca. [x] sound cassettes,1
ca. [x] titles,2
ca. [x] volumes,2
ca. [x]-[x] min,1
ca. [x]x[x] black and white photographs folders,1
ca. linear feet,2
ca. linear foot,1
call no. UBImul/B[x],1
can,1
canister,2
cans,4
card,5
card boxes,1
card file box,2
card file boxes,1
"card file boxes, binder",1
cards,19
carousel,1
carrying case,2
case of [x] cassette tapes,1
cassete tapes,1
cassette,334
cassette [x] minutes,5
cassette boxes,1
cassette sound recordings,1
cassette tape,13
cassette tapes,32
cassette tapes: [x] sides,1
cassettes,314
cassettes folders,1
cassettes with duplicate copies,1
"cassettes, a vinyl case",1
"cassettes, case",1
catalogues,1
cd,151
cd case,2
cd cs,2
"cd, May be bad",1
"cd, constact sheet",1
"cd, contact sheet",1
"cd, contact sheets",1
"cd, cs",56
"cd, eps files",1
"cd, pdf",1
"cd, s",1
"cd, thumbnails",1
cd-r,7
cd-rom,1
cdS,1
cd[x],1
cds,51
"cds, contact sheets",3
"cds, cs",27
cds. cs,1
chapters,1
circa [x] sheets,1
col. maps,1
color,2
color Polaroid print,1
color [x]x[x]s,1
color contact sheet,1
color photographs,8
"color photos, negatives",1
color positive print,2
color print,7
color prints,10
color slides,46
"color slides by Gary Desmond, Photographer",1
color slides with index,1
"color slides, folder",2
color snapshot,1
color snapshots,4
color transparencies,2
"color, b/w negs",1
"color, black and white slides",1
colored pencil on tracing paper,1
columnar pads,1
compact discs,7
"complete issues, fragments",1
contact sheet,11
"contact sheet (see also ""Witness"" for other contact sheet",1
contact sheet only,1
contact sheets,28
"contact sheets (see also ""Sitting Harlequin""",1
"contact sheets (see other contact sheets with ""Suite to Sleep""",1
contents not listed,1
contents of [x] notebooks,2
coor slides,1
copies,148
copies of [x],1
copies on [x] CDROMS,1
copies with various combinations of views,1
"copies, blue",1
"copies, different drafts",1
"copies, different printings",2
copy,1
copy print,2
correspondence,1
cs only,10
"cs, digital cs",1
"cs, head shots",3
"cs, negatives",1
"cs, prints",11
cups,1
cuts: [x] sec,1
developed Negative strips,1
dicscs,1
different images,1
different portraits,3
different prints,6
"digital cs, negatives prints",1
digital documents,1
digital file,6
digital files,24
digital images,1
digital items,1
digital records,1
disc,40
discs,63
disk produced [x]/[x]/[x],1
diskettes,1
disks,14
display panels,1
double images on [x] negatives,1
drafts,3
drawer,1
drawer [x],1
drawer of oversized material,1
drawers,5
drawing,17
"drawing : pencil, crayon on tracing paper",1
drawing of [x] elevations,1
drawings,159
"drawings, water damaged",1
"ds, cs",1
dual track): [x] [x]/[x] ips,2
duplicates,1
dvds,3
each segment :[x],1
each statement runs about [x] seconds,1
eds,3
"efour [x]"" reels",1
electrical drawings,29
"electrical, landscape drawings",1
"electrical, plumbing drawings",3
electrostatic copy of schematic design sketch,1
electrostatic print,4
electrostatic print on mylar,2
electrostatic prints on mylar,1
elevation,2
elevations,1
"elevations, details",1
elevations. Blueprints,1
embroidered,1
"engineering, architectural",1
enlargements,2
envelope,55
envelope of loose photographs,1
envelopes,345
"envelopes, also medium",1
"eps, xps files",1
essays,1
expand able folders,1
expandable file folder,2
expandable folder,117
expandable folder folders,5
expandable folders,127
expandable folders folders,2
expanding file,1
expanding files,1
expanding folder,1
feet,62
file,9
file boxes,3
file packet,1
files,78
files folders,1
files on [x] CDs,1
filing cabinets,1
film negatives,1
film outsized reels,1
film reels,3
"films, outsized rolled materials",1
flat drawers,2
"flat file drawer, digital files",1
flat file drawers,2
floor plan,1
floppy discs,1
floppy disks,3
floppy sound discs,1
foldder,1
folder,554
folder (photocopies,1
folder [x] of [x],2
folder of loose materials,1
folder of negatives,1
folder of photographs,1
folder of typescripts,1
folder outsize,1
"folder, VHS videotape",1
"folder, album",1
folder>,1
folders,41047
folders ( generally by academic year,1
folders (outsize,1
folders [x] through [x],2
folders [x]-[x],53
folders [x]-[x] of [x],2
folders alphabetically arranged,1
folders also medium,1
folders folders,1
"folders of [x] [x]-[x]/[x]x[x] to [x]x[x]-inch, color prints",1
folders of [x] [x]x[x]-inch,1
"folders of [x] [x]x[x]-inch, black-and-white prints",1
"folders of [x] [x]x[x]-inch, color",1
folders of [x] black and white images,1
folders of [x] color slides,1
folders of black and white positive prints,1
folders of black and white prints,1
folders of color prints,1
"folders of drawings, blueprints",1
folders of pages taken from photo albums,1
folders of photos,1
folders of unfilmed material,1
folders with CD,1
folders) folders,1
"folders,",1
"folders, alphabetically by surname",1
"folders, also medium",16
"folders, audiocassettes",1
"folders, formerly",1
"folders, includes an audiocassette",1
"folders, includes extra prints",1
"folders, includes negatives",1
"folders, includes prints not used",1
"folders, items",1
"folders, loose materials",1
"folders, not all years represented",1
"folders, photos folders",1
"folders, through letter J only",1
formerly [x] reels,1
framed drawings,1
framed portraits,1
frames,277
ft,1
"ft.) with DVD use copy, streaming file",1
glass negatives,2
glass photographic plates,1
glossy photographs,1
"grading, utility",1
head shots,2
"head shots, meet action",8
"head shots, posed",2
hour,2
hour [x] min,1
hour [x] minutes,2
hours,5
hr. [x] min. [x] sec,1
hrs,1
illustrations,2
images,15
images on [x] CD,1
in,34
"in UBImux F[x]), medium",1
in [x] box,13
in [x] boxes,234
in [x] boxes ( not microfilmed,1
in [x] boxes ( various sizes,1
in [x] boxes including [x] outsize box,1
in [x] boxes including outsize,2
in [x] boxes including oversize,2
in [x] drawers,1
in [x] folder,2
in [x] oversize folders,2
in [x] tube,1
in [x] tubes,1
in binder,2
in. reel,3
in. reel-to-reel,1
in. reel-to-reel tape,1
in. reel-to-reel tapes,1
in. reels,1
inch reel,2
inches,8
inclidng [x] audiocassettes,1
includes Data Systems,1
includes [x] architects drawings,1
includes images that have been printed,1
"includes original drawings, pencil",1
"includes original working drawing, pencil",1
includes photograph,1
including [x] Gibson prints,6
including [x] of awards received,1
including [x] v. for [x],1
including [x] with wife & children,1
including ca. [x] glass plate negatives,1
including[x] copyprints,1
indices,1
inear foot,1
ink on linen,1
"ink-on-vellum drawings with pantone overlays, blue-line prints with marker coloring",1
interviews,4
ips,3
irrigation drawings,1
issue,2
issues,51
issues [x]-[x],1
"issues, Fragments",1
"issues, May",1
item,725
"item, outsize folder",1
items,2119
items including [x] Gibson print,2
"items located, outsize folder",1
"items, oversize folder",2
l volume,2
lacking [x]-[x],1
landscape drawings,2
"landscape, utility drawings",1
large,3
large only,24
leaves,1
less than [x] min,1
letter boxes,1
letters,2
li. inches,1
lin. ft,2
"lin. ft., contents not listed",2
linear,2
linear feet,2327
linear feet (UCCs,1
linear feet (including outsize,2
linear feet [x] outsize volume,1
linear feet adn [x] volumes,1
linear feet including [x] oversize box,1
linear feet of original material,1
linear feet of records,1
linear feet plus oversize materials,1
linear feet plus oversize scrapbook,1
"linear feet, feet",1
"linear feet, outsize material",1
"linear feet, outsize photographs",1
linear foot,632
linear foot I [x] boxes,1
linear ft,167
linear ft. (papers not microfilmed,1
linear ft. (partially microfilmed,1
linear ft. Photographs. [x] linear ft,1
"linear ft. Textual, photographic material",1
linear ft. [x] drawings,1
linear ft. [x] vol,1
"linear ft. of contact prints, collected information",1
"linear ft., digital files",1
linear inches,1
linear of non-microfilmed materials,1
"linen, sepia print",1
liner feet,1
liner ft,1
loose,1
loose item,2
map,3
map : ms,14
"map : ms., col",2
map ms,1
map on [x] sheets : col,1
map. : ms,1
map: ms,3
maps,16
maps : col,2
maps: ms,1
"marked ""no good",1
"marked ""no good""",1
"marked ""void""",2
mb,1
mechanical drawings,1
"mechanical, electrical",4
"mechanical, electrical drawings",8
medium,1
medium only,38
medium size only,1
"medium, large only",9
meet action,9
"meet action, posed",5
microcassette,11
microcassette tapes,2
microcassettes,15
microfilm,1
microfilm reel,13
microfilm reel (positive,1
microfilm reels,21
microfilm reels (negative,2
microfilm reels (positive,1
microfilm reels : positive,1
microfilm roll,11
microfilm roll (partial,1
"microfilm roll, positive",1
microfilm rolls,37
microfilm s,1
min,112
"min, VHS videotape",1
min. [x] sec,1
mini DV tapes,1
mini DVs,1
mini cassettes,1
mini digital cassette,1
minute cassette,29
minute cassettes,15
minutes,10
"minutes, color",1
mm,4
mm strip of [x] negatives,1
mm. color sound reel,1
mm. negatives,2
model,1
mostly [x]x[x],5
mostly [x]x[x] & [x]x[x],1
"mostly [x]x[x] & [x]x[x], collage",1
motion picture film reels,1
"motion picture film, DVD",1
motion picture reel,3
motion picture reels,7
motion pictures,1
mounted print,12
mounted print folders,1
mounted prints,9
mounted renderings,1
mp[x] files,1
mp[x] files compressed,1
multiple folders,30
na[x]-na[x],1
negative,46
negative copies,1
negative folders,2
"negative) located, microfilm cabinet",4
negatives,2078
negatives folders,1
negatives of [x] schools,1
negatives plus Ivory notes,1
negatives with contact prints,1
"negatives, different houses",2
"negatives, meet action",1
negs,256
negs/cs,1
no [x],2
no. [x]-[x],1
"not identified, but is most probably by Gillies",1
"not identified, but most probably by Gillies",1
"not identified, but most probably of Cadillac Service Building",1
notebook,38
notebook binders,1
notebook folders,1
"notebook, folder",1
notebooks,35
notebooks folders,2
"notebooks now, folders",1
numbers:,1
of [x] folders,17
of a [x] sheet map ?,1
of wife,1
olders,1
on [x] microfilm rolls,2
on [x] rolls of microfilm,1
on sheet [x] x [x] cm,1
only [x] dated,1
only [x] revised,3
open reel cassettes,1
open reel tape,1
open reel videotapes,1
original files,2
original--damaged,1
other images on [x] DVD-R,1
outsize,5
outsize artifact,1
outsize box,5
outsize boxes,1
"outsize boxes, oil paintings",1
outsize drawers,2
outsize film,1
outsize films,3
outsize folder,43
"outsize folder, shelved",1
outsize folders,15
outsize item,1
outsize items,1
outsize located,4
outsize manuscript volume,1
outsize notebook,3
outsize photographs,2
outsize scrapbook,3
outsize v,2
outsize volume,7
"outsize volume, digital files",1
"outsize volume, folder",1
"outsize volume, on outsize folder",1
outsize volumes,16
outsized boxes,2
outsized folder,5
outsized folders,2
outsized scrapbooks,1
outsized volumes,2
over [x],1
oversize album,1
oversize binders,1
oversize boards,1
oversize box,8
oversize boxes,2
oversize bundle,3
oversize bundles,1
oversize drawer,1
oversize drawings,1
oversize film,2
oversize films,2
oversize folder,327
oversize folder (Ac,1
oversize folder (UAl,1
oversize folder (UAm,4
oversize folder (UBPl,1
oversize folder Ac,3
oversize folder of architectural drawings,1
oversize folder on [x] microfilm rolls,1
oversize folders,59
oversize item,3
oversize items,5
oversize items (AC,1
oversize motion picture film,1
oversize motion picture reel,1
oversize motion picture reels,1
oversize motion pictures,1
oversize photograph,1
oversize photographs,1
oversize poster,1
oversize poster boards,1
oversize posters,2
oversize registration volumes,1
oversize scrapbooks,3
oversize sound discs,1
oversize tube,1
oversize tubes,1
oversize v,2
oversize videotapes,1
oversize vol,1
oversize volume,94
oversize volumes,186
oversize volumes (not microfilmed,1
"oversize volumes, digital files",1
oversized box,3
oversized boxes,3
oversized folder,11
oversized folder (UAm,1
oversized folder (UCCm,1
oversized folders,8
oversized framed items,1
oversized item,1
oversized items,1
"oversized items, electronic files",1
oversized motion picture,1
oversized volume,1
oversized volumes,19
p,2
packet,3
packets,11
packets of [x]x[x] negs,1
pads,2
page,1
pages,51
pages of contact prints,1
pages of negatives,1
"pages, unbound copy",1
"pages, with Morgan's marginal notes",1
paintings,1
pamphlet,1
pamphlet boxes,2
pamphlets,2
"pamphlets, English",1
panels,1
papers,2
parts,7
"pdf, ind",2
"pencil drawings on vellum, sepia",1
pencil on heavy paper,1
pencil on notebook paper,1
pencil on paper,1
pencil on tracing paper,3
pencil on vellum,1
"pencil, colored pencil on tracing paper",2
"pencil, ink drawings on vellum",1
"pencil, ink-on-vellum",1
pencil-on-vellum,2
perspective,8
perspective drawing,1
perspective drawings,1
"perspective, elevation",1
perspectives,5
"perspectives, architectural",2
"perspectives, architectural drawings",2
"perspectives, sketches",2
"perspectives, surveys",1
pgs,2
phonograph disc,1
phonograph discs,2
phonograph disk,1
phonograph record,2
phonograph record albums,1
phonograph record disc,1
phonograph record discs,1
phonograph records,4
phonorecord,2
phonorecords,1
photo,2
photo albums,1
photo albums from Phi Delta Theta fraternity's classes of [x],1
photo books,1
photo slide trays,1
"photo, black and white",1
photocopies,2
photocopy--complete,1
photograph,1
photograph album,1
photograph portfolios,1
photographic negatives,1
photographs,993
photographs & [x] pen & ink drawing,1
photographs folders,1
photographs of portrait,1
"photographs, includes photos with wife",1
"photographs, including other people",1
"photographs, including photos with Leslie Caron",1
"photographs, including winter scenes",1
"photographs, outsize located",1
photomechanical reproductions,1
photonegatives,62
photoprints,1
photoprints (in oversize folder,1
photos,228
photos -- [x] attached,1
photos of block form various perspectives,1
"photos, color",1
photostats,1
pictures,1
piece,1
pieces,60
plaques,1
plates,114
plumbing drawings,4
"plumbing, landscape drawings",1
plus negs,1
pocket folder,1
pocket folders,3
portfolio,8
portfolio file,1
portfolios,6
portfolios of index cards,1
"portrait book, black and white",1
portraits,1
posed,8
postcard boxes,1
postcards,1
posters,4
pp,55
presentation boards,2
presentation boards folders,2
primarily [x]-[x],1
prings,1
print,94
print (cut up,1
print of site plan,1
"print, for contact sheet",1
"print, meet action",1
printed version,1
prints,468
prints by unknown photographers,1
"prints of chair, settee perspectives",1
"prints of drawings, renderings",1
prints with interleaving,1
"prints, duplicates",1
"prints, head shots",2
"prints, mounted",1
profile : ms,1
program,1
programs/reel,1
proofs,1
published volumes,1
"q cd, cs",1
quark files,1
record only,1
recording wire,2
records,14
red ink on tracing paper,1
reel,56
reel [x],1
reel [x] only,1
reel [x]mm film,1
reel microfilm,4
reel microfilm[x],1
reel of,1
reel of Microfilm,1
reel of [x] mm film,2
reel of [x] retained,3
reel of microfilm,2
"reel of microfilm, positive",4
reel positive,1
reel retained,1
"reel, partial reel only",1
reel-to-reel audio recordings,1
reel-to-reel audio tapes [x] [x]/[x] ips,1
reel-to-reel tape,6
reel-to-reel tapes,10
reels,197
reels [x]-[x],1
reels microfilm,2
reels of [x] mm film,3
reels of [x] retained,3
reels of microfilm,11
reels of microfilm (positive,1
"reels of microfilm, positive",1
reels retained,5
reels wound on [x] large reel,1
"reels, black and white",1
"reels, color",5
"reels, master negative only",1
"reels, various times",1
related material,1
renderings,2
renderings on [x] illustration boards,1
reports,6
retained,1
ring binder,4
roll micrifilm,1
roll microfilm,2
"roll of architectural drawings, blueprints",1
"roll of microfilm, Micro AA",1
rolled photographs,1
rolled set of blueprints,1
rolls,9
rolls microfilm,1
rolls of microfilm,3
rolls of microfilm: [x] theses,1
rolls unmounted color slide film,1
rpm,1
running time,1
s[x] folders,1
scattered,2
scattered issues,7
schematic design site plan,1
scrapbook,3
scrapbooks,6
sec,1
second PSA,1
seconds,10
section drawings,2
"see ""The Boy Who Played with Dolls""",1
see also Buildings / Power Center,1
see also [x] oversize color print,1
see also [x] oversize contact sheets,1
see also [x] oversize print,2
see na [x],2
see na [x]-[x],2
sepia print,1
set of [x] records,1
sets,1
sets of blueprints,1
sheet,96
sheet : blackline print on paper,2
sheet : blueprint on paper,1
sheet : pencil on tracing paper,3
sheet : pencil with pastel on tracing paper,3
sheet : sepia print on paper,1
sheet folded,1
sheets,176
sheets : blackline prints on paper,1
sheets : ink on tracing paper,1
sheets : pencil on paper,1
sheets : pencil on tracing paper,5
sheets : pencil with pastel on tracing paper,1
sheets : sepia prints on paper,1
sheets : sepia prints on paper mounted on clothe,1
sheets : various media,108
sheets : various media : [x] x [x] cm,3
sheets : various media [x] x [x] cm,1
sheets : various media. : [x] x [x] cm,1
sheets [x] x [x] cm,1
sheets of black and white contact prints,1
sheets of contact print,1
sheets of contact prints,2
"sheets, pencil on tracing paper",1
sides,6
sides [x],1
site plan,2
site plan drawing,2
"site plan, elevation",1
"site plan, utility",1
sixty-minute cassette tapes,1
sketches,4
sleeves,1
slide,13
slide box,3
slide boxes,4
slide cases,1
slide tray,1
slide trays,1
slidee,1
slides,82
"slides, box",1
"slides, color prints",1
"slides, folder",6
"slides, plastic bag",1
small albums,1
small bound volumes of varying size,1
small box,7
small boxes,3
small items,1
small ledgers,1
small negatives,1
small reels,1
small slide boxes,1
sound cassette,6
sound cassette tapes,1
sound cassettes,7
"sound cassettes, transcription",1
sound discs,3
"sound discs : [x]-[x] in., digitized video",1
sound tape reel,22
sound tape reel: [x] [x]/[x] ips,12
sound tape reel: [x]-[x]/[x] ips,7
sound tape reel: ca. [x] min,2
sound tape reels,10
sound tape reels : [x] [x]/[x] - [x] [x]/[x] ips,1
sound tape reels: [x] [x]/[x] ips,5
sound tape reels: [x]-[x]/[x] ips,1
sound tapes,1
souvenir packet of [x] post cards with envelope,1
spiral notebooks,1
streaming file,1
strips of color negatives,1
"strips, of furnishings",1
"survey, architectural",3
"survey, architectural drawings",1
"survey, demolition",1
"survey, site plan",2
"survey, utility",1
"surveys, architectural drawings",2
"surveys, perspectives",1
tablets,1
tagboard folders,1
tape,6
tape reels,3
tape: [x] min,8
tape: [x]:[x] min,7
tapes,476
tapes with partial transcription,1
tintypes,1
titled Days of absence,1
titles,2
track stereo,1
transcription,1
transcripts,1
"transcripts, indices",1
transparencies,1
transparencies by Balthazar Korab,1
traycase,1
trays,1
tube,4
tubes,6
tubes of drawings,1
u-matic videocassette,1
undated,3
unembroidered collars,1
unidentified files,1
unidentified files of media guide,1
"utility, architectural",1
"utility, architectural drawings",2
"utility, structural",1
v,24
v. (outsize,2
v. [outsize,1
v. [x] only,1
"v., some gaps",1
versions,3
vhr videocassettes,1
vhs tapes,4
vhs videotapes,1
videocassette,1
"videocassette, U-matic",1
videocassettes,6
videos,1
videotape,3
videotapes,33
"videotapes, U-matic",1
vinyl record disc,1
vol,4
vol. And [x] folder,1
vol. [outsize,1
vols,11
volume,825
volume [x] digital files,1
volume of published articles,1
volume on [x] microfilm reel,1
volume unbound,1
volume with [x] images,1
"volume, notes",1
volumes,1888
volumes folders,1
volumes of typescript,1
volumes original,1
"volumes, box",1
"volumes, l folder",1
"volumes, loose clippings",1
volumes/bundles,2
websites (multiple captures,7
white,1
whiteprint,1
with blue wraps,1
with brown wraps,1
"with daughter, Kay",1
with graduate students,1
with later additions tipped in,1
with wife,2
without numbers by Stegeman,1
wooden box,1
x [x] cm,128
x [x] cm. [x]-[x]/[x] x [x] in.) or smaller,1
x [x] in.) or smaller,2
x [x]-[x]/[x] cm,2
x [x]-[x]/[x] in.) or smaller,24
x [x]-[x]/[x]in.) or smaller,2
x [x]cm,1
x[x] cm,3
yellow note paper,1
zip disks,3
zip disks included,1
zip file,1
